,Date,Active Online Users,Year,Month,Day
0,2018-01-01,412000000,2018,1,1
1,2018-01-02,413653325,2018,1,2
2,2018-01-03,412789947,2018,1,3
3,2018-01-04,413882307,2018,1,4
4,2018-01-05,412000000,2018,1,5
5,2018-01-06,417550706,2018,1,6
6,2018-01-07,413294754,2018,1,7
7,2018-01-08,412859178,2018,1,8
8,2018-01-09,415584423,2018,1,9
9,2018-01-10,412000000,2018,1,10
10,2018-01-11,412000000,2018,1,11
11,2018-01-12,412000000,2018,1,12
12,2018-01-13,414798495,2018,1,13
13,2018-01-14,412000000,2018,1,14
14,2018-01-15,415143433,2018,1,15
15,2018-01-16,416503880,2018,1,16
16,2018-01-17,415701085,2018,1,17
17,2018-01-18,413779597,2018,1,18
18,2018-01-19,413423380,2018,1,19
19,2018-01-20,414632463,2018,1,20
20,2018-01-21,414319125,2018,1,21
21,2018-01-22,415728192,2018,1,22
22,2018-01-23,420526774,2018,1,23
23,2018-01-24,422931767,2018,1,24
24,2018-01-25,418584413,2018,1,25
25,2018-01-26,415243204,2018,1,26
26,2018-01-27,415076816,2018,1,27
27,2018-01-28,412000000,2018,1,28
28,2018-01-29,412000000,2018,1,29
29,2018-01-30,417612886,2018,1,30
30,2018-01-31,412000000,2018,1,31
31,2018-02-01,412000000,2018,2,1
32,2018-02-02,412000000,2018,2,2
33,2018-02-03,413663015,2018,2,3
34,2018-02-04,422184094,2018,2,4
35,2018-02-05,415578263,2018,2,5
36,2018-02-06,416858912,2018,2,6
37,2018-02-07,412000000,2018,2,7
38,2018-02-08,416125115,2018,2,8
39,2018-02-09,413661590,2018,2,9
40,2018-02-10,412000000,2018,2,10
41,2018-02-11,420287579,2018,2,11
42,2018-02-12,414348233,2018,2,12
43,2018-02-13,412000000,2018,2,13
44,2018-02-14,422090410,2018,2,14
45,2018-02-15,413836776,2018,2,15
46,2018-02-16,414729638,2018,2,16
47,2018-02-17,412132902,2018,2,17
48,2018-02-18,423360221,2018,2,18
49,2018-02-19,422756412,2018,2,19
50,2018-02-20,420647061,2018,2,20
51,2018-02-21,414877165,2018,2,21
52,2018-02-22,421928188,2018,2,22
53,2018-02-23,412000000,2018,2,23
54,2018-02-24,413734059,2018,2,24
55,2018-02-25,423807010,2018,2,25
56,2018-02-26,422685373,2018,2,26
57,2018-02-27,415523127,2018,2,27
58,2018-02-28,412643428,2018,2,28
59,2018-03-01,424486187,2018,3,1
60,2018-03-02,417600367,2018,3,2
61,2018-03-03,413007086,2018,3,3
62,2018-03-04,421644265,2018,3,4
63,2018-03-05,412000000,2018,3,5
64,2018-03-06,423076526,2018,3,6
65,2018-03-07,412000000,2018,3,7
66,2018-03-08,425912275,2018,3,8
67,2018-03-09,421745982,2018,3,9
68,2018-03-10,424403132,2018,3,10
69,2018-03-11,412000000,2018,3,11
70,2018-03-12,423156366,2018,3,12
71,2018-03-13,421052450,2018,3,13
72,2018-03-14,424580968,2018,3,14
73,2018-03-15,421233403,2018,3,15
74,2018-03-16,414427409,2018,3,16
75,2018-03-17,413878753,2018,3,17
76,2018-03-18,417244994,2018,3,18
77,2018-03-19,418446293,2018,3,19
78,2018-03-20,416454931,2018,3,20
79,2018-03-21,412515191,2018,3,21
80,2018-03-22,438456730,2018,3,22
81,2018-03-23,413862146,2018,3,23
82,2018-03-24,422475040,2018,3,24
83,2018-03-25,416055882,2018,3,25
84,2018-03-26,415687224,2018,3,26
85,2018-03-27,426975506,2018,3,27
86,2018-03-28,419806798,2018,3,28
87,2018-03-29,423637698,2018,3,29
88,2018-03-30,427878629,2018,3,30
89,2018-03-31,428616325,2018,3,31
90,2018-04-01,430408480,2018,4,1
91,2018-04-02,420273985,2018,4,2
92,2018-04-03,423189573,2018,4,3
93,2018-04-04,420191428,2018,4,4
94,2018-04-05,420761825,2018,4,5
95,2018-04-06,427389740,2018,4,6
96,2018-04-07,424579904,2018,4,7
97,2018-04-08,430605576,2018,4,8
98,2018-04-09,424125607,2018,4,9
99,2018-04-10,431032060,2018,4,10
100,2018-04-11,414365979,2018,4,11
101,2018-04-12,422409836,2018,4,12
102,2018-04-13,414554401,2018,4,13
103,2018-04-14,435494072,2018,4,14
104,2018-04-15,439449378,2018,4,15
105,2018-04-16,422737371,2018,4,16
106,2018-04-17,419735585,2018,4,17
107,2018-04-18,417190977,2018,4,18
108,2018-04-19,424113502,2018,4,19
109,2018-04-20,431568205,2018,4,20
110,2018-04-21,428043288,2018,4,21
111,2018-04-22,421661131,2018,4,22
112,2018-04-23,422125213,2018,4,23
113,2018-04-24,429348176,2018,4,24
114,2018-04-25,420372182,2018,4,25
115,2018-04-26,419284948,2018,4,26
116,2018-04-27,424536975,2018,4,27
117,2018-04-28,426647495,2018,4,28
118,2018-04-29,420349551,2018,4,29
119,2018-04-30,425881017,2018,4,30
120,2018-05-01,430574354,2018,5,1
121,2018-05-02,414635844,2018,5,2
122,2018-05-03,418694186,2018,5,3
123,2018-05-04,424972233,2018,5,4
124,2018-05-05,422707657,2018,5,5
125,2018-05-06,427434449,2018,5,6
126,2018-05-07,424199710,2018,5,7
127,2018-05-08,423983056,2018,5,8
128,2018-05-09,427052311,2018,5,9
129,2018-05-10,425250151,2018,5,10
130,2018-05-11,418371449,2018,5,11
131,2018-05-12,432981342,2018,5,12
132,2018-05-13,428093638,2018,5,13
133,2018-05-14,429951329,2018,5,14
134,2018-05-15,426362381,2018,5,15
135,2018-05-16,432969805,2018,5,16
136,2018-05-17,423151361,2018,5,17
137,2018-05-18,431004451,2018,5,18
138,2018-05-19,423595441,2018,5,19
139,2018-05-20,432230035,2018,5,20
140,2018-05-21,442522613,2018,5,21
141,2018-05-22,430787518,2018,5,22
142,2018-05-23,424908790,2018,5,23
143,2018-05-24,426752387,2018,5,24
144,2018-05-25,427014367,2018,5,25
145,2018-05-26,426143968,2018,5,26
146,2018-05-27,431029838,2018,5,27
147,2018-05-28,430288820,2018,5,28
148,2018-05-29,432265762,2018,5,29
149,2018-05-30,428945210,2018,5,30
150,2018-05-31,430564004,2018,5,31
151,2018-06-01,429618072,2018,6,1
152,2018-06-02,424319477,2018,6,2
153,2018-06-03,421641014,2018,6,3
154,2018-06-04,430534057,2018,6,4
155,2018-06-05,426415780,2018,6,5
156,2018-06-06,435116090,2018,6,6
157,2018-06-07,433318519,2018,6,7
158,2018-06-08,421751733,2018,6,8
159,2018-06-09,427939079,2018,6,9
160,2018-06-10,429995250,2018,6,10
161,2018-06-11,429169060,2018,6,11
162,2018-06-12,427817451,2018,6,12
163,2018-06-13,431508314,2018,6,13
164,2018-06-14,430984856,2018,6,14
165,2018-06-15,427859240,2018,6,15
166,2018-06-16,422864259,2018,6,16
167,2018-06-17,431077099,2018,6,17
168,2018-06-18,439157257,2018,6,18
169,2018-06-19,432170295,2018,6,19
170,2018-06-20,437370391,2018,6,20
171,2018-06-21,437591051,2018,6,21
172,2018-06-22,430774104,2018,6,22
173,2018-06-23,424955592,2018,6,23
174,2018-06-24,426237536,2018,6,24
175,2018-06-25,424773816,2018,6,25
176,2018-06-26,437341426,2018,6,26
177,2018-06-27,426781865,2018,6,27
178,2018-06-28,423153596,2018,6,28
179,2018-06-29,429314353,2018,6,29
180,2018-06-30,428734082,2018,6,30
181,2018-07-01,434650724,2018,7,1
182,2018-07-02,431681517,2018,7,2
183,2018-07-03,423797560,2018,7,3
184,2018-07-04,423951469,2018,7,4
185,2018-07-05,422414221,2018,7,5
186,2018-07-06,438436255,2018,7,6
187,2018-07-07,432733347,2018,7,7
188,2018-07-08,426138752,2018,7,8
189,2018-07-09,429514049,2018,7,9
190,2018-07-10,425213114,2018,7,10
191,2018-07-11,430682752,2018,7,11
192,2018-07-12,445419356,2018,7,12
193,2018-07-13,421508009,2018,7,13
194,2018-07-14,430905343,2018,7,14
195,2018-07-15,428676177,2018,7,15
196,2018-07-16,437207571,2018,7,16
197,2018-07-17,430090179,2018,7,17
198,2018-07-18,434672236,2018,7,18
199,2018-07-19,425799368,2018,7,19
200,2018-07-20,432304019,2018,7,20
201,2018-07-21,433663516,2018,7,21
202,2018-07-22,431440073,2018,7,22
203,2018-07-23,433283445,2018,7,23
204,2018-07-24,430455202,2018,7,24
205,2018-07-25,425244845,2018,7,25
206,2018-07-26,432633834,2018,7,26
207,2018-07-27,441179544,2018,7,27
208,2018-07-28,429001229,2018,7,28
209,2018-07-29,434058152,2018,7,29
210,2018-07-30,434135206,2018,7,30
211,2018-07-31,427656880,2018,7,31
212,2018-08-01,442594221,2018,8,1
213,2018-08-02,433570878,2018,8,2
214,2018-08-03,432781050,2018,8,3
215,2018-08-04,430058649,2018,8,4
216,2018-08-05,433002761,2018,8,5
217,2018-08-06,431126829,2018,8,6
218,2018-08-07,439610929,2018,8,7
219,2018-08-08,428860171,2018,8,8
220,2018-08-09,434157611,2018,8,9
221,2018-08-10,440694453,2018,8,10
222,2018-08-11,431594649,2018,8,11
223,2018-08-12,428508862,2018,8,12
224,2018-08-13,436656715,2018,8,13
225,2018-08-14,432985349,2018,8,14
226,2018-08-15,435789667,2018,8,15
227,2018-08-16,440294200,2018,8,16
228,2018-08-17,436330591,2018,8,17
229,2018-08-18,431710597,2018,8,18
230,2018-08-19,444425212,2018,8,19
231,2018-08-20,438720364,2018,8,20
232,2018-08-21,438782551,2018,8,21
233,2018-08-22,447465998,2018,8,22
234,2018-08-23,433959494,2018,8,23
235,2018-08-24,434719159,2018,8,24
236,2018-08-25,440935612,2018,8,25
237,2018-08-26,445471212,2018,8,26
238,2018-08-27,432289339,2018,8,27
239,2018-08-28,428740255,2018,8,28
240,2018-08-29,439889790,2018,8,29
241,2018-08-30,431181347,2018,8,30
242,2018-08-31,444266810,2018,8,31
243,2018-09-01,439166196,2018,9,1
244,2018-09-02,441941772,2018,9,2
245,2018-09-03,444510915,2018,9,3
246,2018-09-04,438772484,2018,9,4
247,2018-09-05,430164059,2018,9,5
248,2018-09-06,438361689,2018,9,6
249,2018-09-07,432141171,2018,9,7
250,2018-09-08,447105621,2018,9,8
251,2018-09-09,442290337,2018,9,9
252,2018-09-10,434030330,2018,9,10
253,2018-09-11,439459343,2018,9,11
254,2018-09-12,440417946,2018,9,12
255,2018-09-13,436102347,2018,9,13
256,2018-09-14,436672778,2018,9,14
257,2018-09-15,443653212,2018,9,15
258,2018-09-16,433192747,2018,9,16
259,2018-09-17,446081521,2018,9,17
260,2018-09-18,445510215,2018,9,18
261,2018-09-19,444748771,2018,9,19
262,2018-09-20,440738242,2018,9,20
263,2018-09-21,438954465,2018,9,21
264,2018-09-22,436431502,2018,9,22
265,2018-09-23,452764586,2018,9,23
266,2018-09-24,431783350,2018,9,24
267,2018-09-25,434469179,2018,9,25
268,2018-09-26,442348265,2018,9,26
269,2018-09-27,439186096,2018,9,27
270,2018-09-28,446846371,2018,9,28
271,2018-09-29,444100103,2018,9,29
272,2018-09-30,437912115,2018,9,30
273,2018-10-01,443668070,2018,10,1
274,2018-10-02,439781162,2018,10,2
275,2018-10-03,439575163,2018,10,3
276,2018-10-04,440948260,2018,10,4
277,2018-10-05,448912662,2018,10,5
278,2018-10-06,441217463,2018,10,6
279,2018-10-07,443820298,2018,10,7
280,2018-10-08,434222123,2018,10,8
281,2018-10-09,440529801,2018,10,9
282,2018-10-10,438459660,2018,10,10
283,2018-10-11,439614114,2018,10,11
284,2018-10-12,441524485,2018,10,12
285,2018-10-13,440331585,2018,10,13
286,2018-10-14,437570336,2018,10,14
287,2018-10-15,445009608,2018,10,15
288,2018-10-16,441554429,2018,10,16
289,2018-10-17,443707758,2018,10,17
290,2018-10-18,449386372,2018,10,18
291,2018-10-19,450594748,2018,10,19
292,2018-10-20,446163922,2018,10,20
293,2018-10-21,446032243,2018,10,21
294,2018-10-22,445164612,2018,10,22
295,2018-10-23,443364567,2018,10,23
296,2018-10-24,437904458,2018,10,24
297,2018-10-25,436769175,2018,10,25
298,2018-10-26,450010804,2018,10,26
299,2018-10-27,442570087,2018,10,27
300,2018-10-28,441546018,2018,10,28
301,2018-10-29,436647133,2018,10,29
302,2018-10-30,436116461,2018,10,30
303,2018-10-31,433432283,2018,10,31
304,2018-11-01,444166268,2018,11,1
305,2018-11-02,441722470,2018,11,2
306,2018-11-03,446481427,2018,11,3
307,2018-11-04,448273653,2018,11,4
308,2018-11-05,444365067,2018,11,5
309,2018-11-06,446236239,2018,11,6
310,2018-11-07,446611547,2018,11,7
311,2018-11-08,448168653,2018,11,8
312,2018-11-09,449596544,2018,11,9
313,2018-11-10,441760498,2018,11,10
314,2018-11-11,448553492,2018,11,11
315,2018-11-12,443481923,2018,11,12
316,2018-11-13,445289162,2018,11,13
317,2018-11-14,443292206,2018,11,14
318,2018-11-15,442481556,2018,11,15
319,2018-11-16,450053803,2018,11,16
320,2018-11-17,443434359,2018,11,17
321,2018-11-18,452119485,2018,11,18
322,2018-11-19,433459679,2018,11,19
323,2018-11-20,446813903,2018,11,20
324,2018-11-21,443124858,2018,11,21
325,2018-11-22,437217046,2018,11,22
326,2018-11-23,452766045,2018,11,23
327,2018-11-24,455405102,2018,11,24
328,2018-11-25,442183752,2018,11,25
329,2018-11-26,447816921,2018,11,26
330,2018-11-27,435157080,2018,11,27
331,2018-11-28,448479505,2018,11,28
332,2018-11-29,450415508,2018,11,29
333,2018-11-30,444079933,2018,11,30
334,2018-12-01,447289134,2018,12,1
335,2018-12-02,446797838,2018,12,2
336,2018-12-03,448003655,2018,12,3
337,2018-12-04,449963749,2018,12,4
338,2018-12-05,444756827,2018,12,5
339,2018-12-06,438909292,2018,12,6
340,2018-12-07,443617883,2018,12,7
341,2018-12-08,451032294,2018,12,8
342,2018-12-09,452275537,2018,12,9
343,2018-12-10,450092479,2018,12,10
344,2018-12-11,448376426,2018,12,11
345,2018-12-12,443003223,2018,12,12
346,2018-12-13,455338782,2018,12,13
347,2018-12-14,454896908,2018,12,14
348,2018-12-15,454203486,2018,12,15
349,2018-12-16,442695552,2018,12,16
350,2018-12-17,455146566,2018,12,17
351,2018-12-18,441192610,2018,12,18
352,2018-12-19,442045553,2018,12,19
353,2018-12-20,447658838,2018,12,20
354,2018-12-21,449981844,2018,12,21
355,2018-12-22,445027824,2018,12,22
356,2018-12-23,456688807,2018,12,23
357,2018-12-24,449046070,2018,12,24
358,2018-12-25,449512996,2018,12,25
359,2018-12-26,450349109,2018,12,26
360,2018-12-27,449831121,2018,12,27
361,2018-12-28,448513072,2018,12,28
362,2018-12-29,441095047,2018,12,29
363,2018-12-30,450661167,2018,12,30
364,2018-12-31,448655617,2018,12,31
365,2019-01-01,452262812,2019,1,1
366,2019-01-02,450816570,2019,1,2
367,2019-01-03,448696640,2019,1,3
368,2019-01-04,451520592,2019,1,4
369,2019-01-05,453899546,2019,1,5
370,2019-01-06,461223383,2019,1,6
371,2019-01-07,452863347,2019,1,7
372,2019-01-08,462903155,2019,1,8
373,2019-01-09,448911903,2019,1,9
374,2019-01-10,450069180,2019,1,10
375,2019-01-11,460383668,2019,1,11
376,2019-01-12,454545574,2019,1,12
377,2019-01-13,448201534,2019,1,13
378,2019-01-14,454482542,2019,1,14
379,2019-01-15,457718967,2019,1,15
380,2019-01-16,457816056,2019,1,16
381,2019-01-17,457130082,2019,1,17
382,2019-01-18,456835802,2019,1,18
383,2019-01-19,458624575,2019,1,19
384,2019-01-20,458478401,2019,1,20
385,2019-01-21,455393560,2019,1,21
386,2019-01-22,459960888,2019,1,22
387,2019-01-23,454900301,2019,1,23
388,2019-01-24,455162583,2019,1,24
389,2019-01-25,453063681,2019,1,25
390,2019-01-26,455677259,2019,1,26
391,2019-01-27,455096500,2019,1,27
392,2019-01-28,456178492,2019,1,28
393,2019-01-29,446616853,2019,1,29
394,2019-01-30,454872305,2019,1,30
395,2019-01-31,454897738,2019,1,31
396,2019-02-01,455396882,2019,2,1
397,2019-02-02,449342682,2019,2,2
398,2019-02-03,454855266,2019,2,3
399,2019-02-04,459583376,2019,2,4
400,2019-02-05,452087109,2019,2,5
401,2019-02-06,460363300,2019,2,6
402,2019-02-07,458988879,2019,2,7
403,2019-02-08,452261573,2019,2,8
404,2019-02-09,455602037,2019,2,9
405,2019-02-10,459041081,2019,2,10
406,2019-02-11,448927603,2019,2,11
407,2019-02-12,445727303,2019,2,12
408,2019-02-13,465473996,2019,2,13
409,2019-02-14,454978424,2019,2,14
410,2019-02-15,447377450,2019,2,15
411,2019-02-16,451674742,2019,2,16
412,2019-02-17,456318659,2019,2,17
413,2019-02-18,455180040,2019,2,18
414,2019-02-19,446030855,2019,2,19
415,2019-02-20,456944026,2019,2,20
416,2019-02-21,458051776,2019,2,21
417,2019-02-22,449078931,2019,2,22
418,2019-02-23,455820116,2019,2,23
419,2019-02-24,458288145,2019,2,24
420,2019-02-25,454474966,2019,2,25
421,2019-02-26,464899853,2019,2,26
422,2019-02-27,452613676,2019,2,27
423,2019-02-28,455483677,2019,2,28
424,2019-03-01,462809795,2019,3,1
425,2019-03-02,461568395,2019,3,2
426,2019-03-03,449620313,2019,3,3
427,2019-03-04,450323608,2019,3,4
428,2019-03-05,453244120,2019,3,5
429,2019-03-06,452834605,2019,3,6
430,2019-03-07,465832558,2019,3,7
431,2019-03-08,446581025,2019,3,8
432,2019-03-09,454692087,2019,3,9
433,2019-03-10,457227711,2019,3,10
434,2019-03-11,459328003,2019,3,11
435,2019-03-12,460467565,2019,3,12
436,2019-03-13,454929386,2019,3,13
437,2019-03-14,459006645,2019,3,14
438,2019-03-15,455963310,2019,3,15
439,2019-03-16,455194181,2019,3,16
440,2019-03-17,468830380,2019,3,17
441,2019-03-18,458222110,2019,3,18
442,2019-03-19,463300705,2019,3,19
443,2019-03-20,460585676,2019,3,20
444,2019-03-21,454937939,2019,3,21
445,2019-03-22,449442798,2019,3,22
446,2019-03-23,457113991,2019,3,23
447,2019-03-24,452863385,2019,3,24
448,2019-03-25,456107454,2019,3,25
449,2019-03-26,466038717,2019,3,26
450,2019-03-27,449154513,2019,3,27
451,2019-03-28,453795120,2019,3,28
452,2019-03-29,456541546,2019,3,29
453,2019-03-30,462073303,2019,3,30
454,2019-03-31,462585714,2019,3,31
455,2019-04-01,454576190,2019,4,1
456,2019-04-02,463636920,2019,4,2
457,2019-04-03,458981189,2019,4,3
458,2019-04-04,464669187,2019,4,4
459,2019-04-05,464961547,2019,4,5
460,2019-04-06,461351755,2019,4,6
461,2019-04-07,462958001,2019,4,7
462,2019-04-08,461506424,2019,4,8
463,2019-04-09,451567791,2019,4,9
464,2019-04-10,463916390,2019,4,10
465,2019-04-11,461987959,2019,4,11
466,2019-04-12,450264458,2019,4,12
467,2019-04-13,455278229,2019,4,13
468,2019-04-14,459580501,2019,4,14
469,2019-04-15,465338162,2019,4,15
470,2019-04-16,461079675,2019,4,16
471,2019-04-17,466500085,2019,4,17
472,2019-04-18,469594817,2019,4,18
473,2019-04-19,457306307,2019,4,19
474,2019-04-20,460327678,2019,4,20
475,2019-04-21,460378793,2019,4,21
476,2019-04-22,464425011,2019,4,22
477,2019-04-23,461692644,2019,4,23
478,2019-04-24,459376113,2019,4,24
479,2019-04-25,468972032,2019,4,25
480,2019-04-26,455143155,2019,4,26
481,2019-04-27,468886566,2019,4,27
482,2019-04-28,466475220,2019,4,28
483,2019-04-29,464859725,2019,4,29
484,2019-04-30,473336027,2019,4,30
485,2019-05-01,464485703,2019,5,1
486,2019-05-02,462410845,2019,5,2
487,2019-05-03,465048135,2019,5,3
488,2019-05-04,456083336,2019,5,4
489,2019-05-05,464931964,2019,5,5
490,2019-05-06,457666858,2019,5,6
491,2019-05-07,471351958,2019,5,7
492,2019-05-08,467914271,2019,5,8
493,2019-05-09,462077800,2019,5,9
494,2019-05-10,465726596,2019,5,10
495,2019-05-11,470204770,2019,5,11
496,2019-05-12,456050236,2019,5,12
497,2019-05-13,467218280,2019,5,13
498,2019-05-14,466023228,2019,5,14
499,2019-05-15,455599471,2019,5,15
500,2019-05-16,458985479,2019,5,16
501,2019-05-17,465575829,2019,5,17
502,2019-05-18,466543376,2019,5,18
503,2019-05-19,473542875,2019,5,19
504,2019-05-20,468277000,2019,5,20
505,2019-05-21,471427792,2019,5,21
506,2019-05-22,478556257,2019,5,22
507,2019-05-23,457718099,2019,5,23
508,2019-05-24,462593360,2019,5,24
509,2019-05-25,465891298,2019,5,25
510,2019-05-26,464051900,2019,5,26
511,2019-05-27,470084378,2019,5,27
512,2019-05-28,465144765,2019,5,28
513,2019-05-29,462254647,2019,5,29
514,2019-05-30,473071999,2019,5,30
515,2019-05-31,462417310,2019,5,31
516,2019-06-01,461328736,2019,6,1
517,2019-06-02,455014947,2019,6,2
518,2019-06-03,468743582,2019,6,3
519,2019-06-04,465370497,2019,6,4
520,2019-06-05,461932990,2019,6,5
521,2019-06-06,465673710,2019,6,6
522,2019-06-07,465369909,2019,6,7
523,2019-06-08,470337213,2019,6,8
524,2019-06-09,469724110,2019,6,9
525,2019-06-10,467500478,2019,6,10
526,2019-06-11,464905143,2019,6,11
527,2019-06-12,472987445,2019,6,12
528,2019-06-13,463199243,2019,6,13
529,2019-06-14,470320119,2019,6,14
530,2019-06-15,471528246,2019,6,15
531,2019-06-16,470903622,2019,6,16
532,2019-06-17,466803078,2019,6,17
533,2019-06-18,470189501,2019,6,18
534,2019-06-19,470640390,2019,6,19
535,2019-06-20,472481744,2019,6,20
536,2019-06-21,464717986,2019,6,21
537,2019-06-22,464712375,2019,6,22
538,2019-06-23,475775405,2019,6,23
539,2019-06-24,475112719,2019,6,24
540,2019-06-25,472709422,2019,6,25
541,2019-06-26,468803258,2019,6,26
542,2019-06-27,465054894,2019,6,27
543,2019-06-28,476888923,2019,6,28
544,2019-06-29,471972529,2019,6,29
545,2019-06-30,470908233,2019,6,30
546,2019-07-01,464718062,2019,7,1
547,2019-07-02,474977438,2019,7,2
548,2019-07-03,475947856,2019,7,3
549,2019-07-04,469510617,2019,7,4
550,2019-07-05,476113425,2019,7,5
551,2019-07-06,476788366,2019,7,6
552,2019-07-07,466505590,2019,7,7
553,2019-07-08,473052926,2019,7,8
554,2019-07-09,477042612,2019,7,9
555,2019-07-10,469216395,2019,7,10
556,2019-07-11,474226195,2019,7,11
557,2019-07-12,475451969,2019,7,12
558,2019-07-13,470225087,2019,7,13
559,2019-07-14,461461844,2019,7,14
560,2019-07-15,472668195,2019,7,15
561,2019-07-16,469652663,2019,7,16
562,2019-07-17,469304822,2019,7,17
563,2019-07-18,468946559,2019,7,18
564,2019-07-19,471548022,2019,7,19
565,2019-07-20,461411509,2019,7,20
566,2019-07-21,469068769,2019,7,21
567,2019-07-22,474215389,2019,7,22
568,2019-07-23,475110861,2019,7,23
569,2019-07-24,470848999,2019,7,24
570,2019-07-25,465547726,2019,7,25
571,2019-07-26,469777508,2019,7,26
572,2019-07-27,467638331,2019,7,27
573,2019-07-28,474302866,2019,7,28
574,2019-07-29,478032571,2019,7,29
575,2019-07-30,463442044,2019,7,30
576,2019-07-31,474204442,2019,7,31
577,2019-08-01,474900760,2019,8,1
578,2019-08-02,471054944,2019,8,2
579,2019-08-03,471982116,2019,8,3
580,2019-08-04,485988833,2019,8,4
581,2019-08-05,474068621,2019,8,5
582,2019-08-06,476572881,2019,8,6
583,2019-08-07,478978165,2019,8,7
584,2019-08-08,471480909,2019,8,8
585,2019-08-09,465467852,2019,8,9
586,2019-08-10,472440377,2019,8,10
587,2019-08-11,470560134,2019,8,11
588,2019-08-12,465018344,2019,8,12
589,2019-08-13,471137572,2019,8,13
590,2019-08-14,477480771,2019,8,14
591,2019-08-15,472340266,2019,8,15
592,2019-08-16,475959462,2019,8,16
593,2019-08-17,471354137,2019,8,17
594,2019-08-18,480989617,2019,8,18
595,2019-08-19,478951830,2019,8,19
596,2019-08-20,470111085,2019,8,20
597,2019-08-21,470855400,2019,8,21
598,2019-08-22,479102935,2019,8,22
599,2019-08-23,473094347,2019,8,23
600,2019-08-24,487640808,2019,8,24
601,2019-08-25,475920306,2019,8,25
602,2019-08-26,471434851,2019,8,26
603,2019-08-27,483458281,2019,8,27
604,2019-08-28,472561908,2019,8,28
605,2019-08-29,479526858,2019,8,29
606,2019-08-30,472213412,2019,8,30
607,2019-08-31,477145249,2019,8,31
608,2019-09-01,476099008,2019,9,1
609,2019-09-02,486206325,2019,9,2
610,2019-09-03,475490630,2019,9,3
611,2019-09-04,480962103,2019,9,4
612,2019-09-05,477167043,2019,9,5
613,2019-09-06,478472033,2019,9,6
614,2019-09-07,474312898,2019,9,7
615,2019-09-08,483791579,2019,9,8
616,2019-09-09,477758619,2019,9,9
617,2019-09-10,479253499,2019,9,10
618,2019-09-11,477743354,2019,9,11
619,2019-09-12,485053358,2019,9,12
620,2019-09-13,480896051,2019,9,13
621,2019-09-14,479281507,2019,9,14
622,2019-09-15,482337565,2019,9,15
623,2019-09-16,473913955,2019,9,16
624,2019-09-17,473061890,2019,9,17
625,2019-09-18,476810063,2019,9,18
626,2019-09-19,470869082,2019,9,19
627,2019-09-20,476176573,2019,9,20
628,2019-09-21,471488807,2019,9,21
629,2019-09-22,474225486,2019,9,22
630,2019-09-23,480757888,2019,9,23
631,2019-09-24,484754353,2019,9,24
632,2019-09-25,485295528,2019,9,25
633,2019-09-26,482189160,2019,9,26
634,2019-09-27,474068550,2019,9,27
635,2019-09-28,472941280,2019,9,28
636,2019-09-29,482776363,2019,9,29
637,2019-09-30,477837642,2019,9,30
638,2019-10-01,483443539,2019,10,1
639,2019-10-02,479163924,2019,10,2
640,2019-10-03,476967328,2019,10,3
641,2019-10-04,479790086,2019,10,4
642,2019-10-05,479861848,2019,10,5
643,2019-10-06,487484044,2019,10,6
644,2019-10-07,486431399,2019,10,7
645,2019-10-08,474207796,2019,10,8
646,2019-10-09,476417521,2019,10,9
647,2019-10-10,488827747,2019,10,10
648,2019-10-11,479272128,2019,10,11
649,2019-10-12,478411725,2019,10,12
650,2019-10-13,487601779,2019,10,13
651,2019-10-14,476018977,2019,10,14
652,2019-10-15,475833716,2019,10,15
653,2019-10-16,485871089,2019,10,16
654,2019-10-17,474108284,2019,10,17
655,2019-10-18,478800184,2019,10,18
656,2019-10-19,484614508,2019,10,19
657,2019-10-20,486114609,2019,10,20
658,2019-10-21,475467053,2019,10,21
659,2019-10-22,481516931,2019,10,22
660,2019-10-23,484587032,2019,10,23
661,2019-10-24,480802788,2019,10,24
662,2019-10-25,486136242,2019,10,25
663,2019-10-26,486744512,2019,10,26
664,2019-10-27,485646127,2019,10,27
665,2019-10-28,487807258,2019,10,28
666,2019-10-29,484150671,2019,10,29
667,2019-10-30,485099357,2019,10,30
668,2019-10-31,480025864,2019,10,31
669,2019-11-01,482869306,2019,11,1
670,2019-11-02,484435101,2019,11,2
671,2019-11-03,484227408,2019,11,3
672,2019-11-04,482656148,2019,11,4
673,2019-11-05,493683004,2019,11,5
674,2019-11-06,491496328,2019,11,6
675,2019-11-07,485964638,2019,11,7
676,2019-11-08,482051371,2019,11,8
677,2019-11-09,483373002,2019,11,9
678,2019-11-10,492493885,2019,11,10
679,2019-11-11,485329647,2019,11,11
680,2019-11-12,486106016,2019,11,12
681,2019-11-13,488877563,2019,11,13
682,2019-11-14,483046328,2019,11,14
683,2019-11-15,487544838,2019,11,15
684,2019-11-16,478782490,2019,11,16
685,2019-11-17,486803842,2019,11,17
686,2019-11-18,497492452,2019,11,18
687,2019-11-19,486221568,2019,11,19
688,2019-11-20,484285513,2019,11,20
689,2019-11-21,491976839,2019,11,21
690,2019-11-22,498258881,2019,11,22
691,2019-11-23,487799707,2019,11,23
692,2019-11-24,482146855,2019,11,24
693,2019-11-25,487789960,2019,11,25
694,2019-11-26,487612859,2019,11,26
695,2019-11-27,487389779,2019,11,27
696,2019-11-28,479613684,2019,11,28
697,2019-11-29,482794326,2019,11,29
698,2019-11-30,482762896,2019,11,30
699,2019-12-01,483377460,2019,12,1
700,2019-12-02,481862140,2019,12,2
701,2019-12-03,482617534,2019,12,3
702,2019-12-04,484314055,2019,12,4
703,2019-12-05,489269480,2019,12,5
704,2019-12-06,493312921,2019,12,6
705,2019-12-07,492155821,2019,12,7
706,2019-12-08,495705181,2019,12,8
707,2019-12-09,490497033,2019,12,9
708,2019-12-10,482595394,2019,12,10
709,2019-12-11,493602120,2019,12,11
710,2019-12-12,491542673,2019,12,12
711,2019-12-13,488939190,2019,12,13
712,2019-12-14,485449401,2019,12,14
713,2019-12-15,491182783,2019,12,15
714,2019-12-16,489097843,2019,12,16
715,2019-12-17,480077519,2019,12,17
716,2019-12-18,487417834,2019,12,18
717,2019-12-19,490025934,2019,12,19
718,2019-12-20,492445605,2019,12,20
719,2019-12-21,490645797,2019,12,21
720,2019-12-22,490642740,2019,12,22
721,2019-12-23,479660219,2019,12,23
722,2019-12-24,485284561,2019,12,24
723,2019-12-25,493733698,2019,12,25
724,2019-12-26,489508982,2019,12,26
725,2019-12-27,494002960,2019,12,27
726,2019-12-28,491636353,2019,12,28
727,2019-12-29,493040448,2019,12,29
728,2019-12-30,486055966,2019,12,30
729,2019-12-31,486987599,2019,12,31
730,2020-01-01,505295589,2020,1,1
731,2020-01-02,503466058,2020,1,2
732,2020-01-03,487819302,2020,1,3
733,2020-01-04,483330613,2020,1,4
734,2020-01-05,491387242,2020,1,5
735,2020-01-06,484886653,2020,1,6
736,2020-01-07,491003384,2020,1,7
737,2020-01-08,494554321,2020,1,8
738,2020-01-09,491522197,2020,1,9
739,2020-01-10,492212764,2020,1,10
740,2020-01-11,504145493,2020,1,11
741,2020-01-12,497632473,2020,1,12
742,2020-01-13,491133436,2020,1,13
743,2020-01-14,496346918,2020,1,14
744,2020-01-15,488807618,2020,1,15
745,2020-01-16,501408735,2020,1,16
746,2020-01-17,490757109,2020,1,17
747,2020-01-18,489221993,2020,1,18
748,2020-01-19,489861145,2020,1,19
749,2020-01-20,489683176,2020,1,20
750,2020-01-21,497104576,2020,1,21
751,2020-01-22,490348655,2020,1,22
752,2020-01-23,495429120,2020,1,23
753,2020-01-24,490694928,2020,1,24
754,2020-01-25,503773616,2020,1,25
755,2020-01-26,491268922,2020,1,26
756,2020-01-27,494741547,2020,1,27
757,2020-01-28,494910209,2020,1,28
758,2020-01-29,491902819,2020,1,29
759,2020-01-30,494522685,2020,1,30
760,2020-01-31,489422791,2020,1,31
761,2020-02-01,493254441,2020,2,1
762,2020-02-02,492900022,2020,2,2
763,2020-02-03,500755408,2020,2,3
764,2020-02-04,493466056,2020,2,4
765,2020-02-05,495992267,2020,2,5
766,2020-02-06,496986046,2020,2,6
767,2020-02-07,498707884,2020,2,7
768,2020-02-08,492122179,2020,2,8
769,2020-02-09,487556008,2020,2,9
770,2020-02-10,501627835,2020,2,10
771,2020-02-11,501453644,2020,2,11
772,2020-02-12,488039911,2020,2,12
773,2020-02-13,498770307,2020,2,13
774,2020-02-14,489110618,2020,2,14
775,2020-02-15,500908564,2020,2,15
776,2020-02-16,492951620,2020,2,16
777,2020-02-17,502139096,2020,2,17
778,2020-02-18,502809354,2020,2,18
779,2020-02-19,494795428,2020,2,19
780,2020-02-20,490416096,2020,2,20
781,2020-02-21,495287918,2020,2,21
782,2020-02-22,489456975,2020,2,22
783,2020-02-23,497755079,2020,2,23
784,2020-02-24,491949913,2020,2,24
785,2020-02-25,496531646,2020,2,25
786,2020-02-26,503883007,2020,2,26
787,2020-02-27,500871875,2020,2,27
788,2020-02-28,501224910,2020,2,28
789,2020-02-29,486052638,2020,2,29
790,2020-03-01,498710985,2020,3,1
791,2020-03-02,493688534,2020,3,2
792,2020-03-03,492177656,2020,3,3
793,2020-03-04,490030233,2020,3,4
794,2020-03-05,492406863,2020,3,5
795,2020-03-06,502132903,2020,3,6
796,2020-03-07,498346707,2020,3,7
797,2020-03-08,492522560,2020,3,8
798,2020-03-09,499327809,2020,3,9
799,2020-03-10,491682640,2020,3,10
800,2020-03-11,509887842,2020,3,11
801,2020-03-12,492065665,2020,3,12
802,2020-03-13,499129040,2020,3,13
803,2020-03-14,496320592,2020,3,14
804,2020-03-15,492179871,2020,3,15
805,2020-03-16,499814649,2020,3,16
806,2020-03-17,493063197,2020,3,17
807,2020-03-18,501379326,2020,3,18
808,2020-03-19,495283063,2020,3,19
809,2020-03-20,495222225,2020,3,20
810,2020-03-21,501871779,2020,3,21
811,2020-03-22,499238810,2020,3,22
812,2020-03-23,492917527,2020,3,23
813,2020-03-24,492693607,2020,3,24
814,2020-03-25,498833832,2020,3,25
815,2020-03-26,505215053,2020,3,26
816,2020-03-27,509095104,2020,3,27
817,2020-03-28,496778586,2020,3,28
818,2020-03-29,503495764,2020,3,29
819,2020-03-30,505077070,2020,3,30
820,2020-03-31,490409617,2020,3,31
821,2020-04-01,498156253,2020,4,1
822,2020-04-02,502909835,2020,4,2
823,2020-04-03,501816916,2020,4,3
824,2020-04-04,501038086,2020,4,4
825,2020-04-05,497487555,2020,4,5
826,2020-04-06,503474060,2020,4,6
827,2020-04-07,497760373,2020,4,7
828,2020-04-08,509495348,2020,4,8
829,2020-04-09,502721041,2020,4,9
830,2020-04-10,505699960,2020,4,10
831,2020-04-11,500197949,2020,4,11
832,2020-04-12,499330780,2020,4,12
833,2020-04-13,500643526,2020,4,13
834,2020-04-14,501975724,2020,4,14
835,2020-04-15,511544583,2020,4,15
836,2020-04-16,491316144,2020,4,16
837,2020-04-17,498206414,2020,4,17
838,2020-04-18,504092650,2020,4,18
839,2020-04-19,509450265,2020,4,19
840,2020-04-20,510052933,2020,4,20
841,2020-04-21,501293679,2020,4,21
842,2020-04-22,499289859,2020,4,22
843,2020-04-23,505279289,2020,4,23
844,2020-04-24,498203994,2020,4,24
845,2020-04-25,517143982,2020,4,25
846,2020-04-26,517615922,2020,4,26
847,2020-04-27,496293914,2020,4,27
848,2020-04-28,508102698,2020,4,28
849,2020-04-29,515747559,2020,4,29
850,2020-04-30,499312330,2020,4,30
851,2020-05-01,500156402,2020,5,1
852,2020-05-02,502654658,2020,5,2
853,2020-05-03,508122783,2020,5,3
854,2020-05-04,504723597,2020,5,4
855,2020-05-05,494214835,2020,5,5
856,2020-05-06,508704760,2020,5,6
857,2020-05-07,506949623,2020,5,7
858,2020-05-08,516350840,2020,5,8
859,2020-05-09,512924038,2020,5,9
860,2020-05-10,499713105,2020,5,10
861,2020-05-11,500885969,2020,5,11
862,2020-05-12,507794435,2020,5,12
863,2020-05-13,507510959,2020,5,13
864,2020-05-14,503383134,2020,5,14
865,2020-05-15,504856371,2020,5,15
866,2020-05-16,505876621,2020,5,16
867,2020-05-17,513023894,2020,5,17
868,2020-05-18,514525624,2020,5,18
869,2020-05-19,511139782,2020,5,19
870,2020-05-20,504317530,2020,5,20
871,2020-05-21,507482449,2020,5,21
872,2020-05-22,502927039,2020,5,22
873,2020-05-23,502795987,2020,5,23
874,2020-05-24,502477090,2020,5,24
875,2020-05-25,499281712,2020,5,25
876,2020-05-26,505354554,2020,5,26
877,2020-05-27,503370948,2020,5,27
878,2020-05-28,505967403,2020,5,28
879,2020-05-29,510079743,2020,5,29
880,2020-05-30,513075942,2020,5,30
881,2020-05-31,513409832,2020,5,31
882,2020-06-01,501187425,2020,6,1
883,2020-06-02,498525248,2020,6,2
884,2020-06-03,502700093,2020,6,3
885,2020-06-04,500251922,2020,6,4
886,2020-06-05,514653461,2020,6,5
887,2020-06-06,509302628,2020,6,6
888,2020-06-07,505949315,2020,6,7
889,2020-06-08,501296781,2020,6,8
890,2020-06-09,502802523,2020,6,9
891,2020-06-10,497261885,2020,6,10
892,2020-06-11,497130622,2020,6,11
893,2020-06-12,502270913,2020,6,12
894,2020-06-13,507284092,2020,6,13
895,2020-06-14,501337733,2020,6,14
896,2020-06-15,494554353,2020,6,15
897,2020-06-16,508607053,2020,6,16
898,2020-06-17,503415108,2020,6,17
899,2020-06-18,510950991,2020,6,18
900,2020-06-19,514965428,2020,6,19
901,2020-06-20,515133608,2020,6,20
902,2020-06-21,510099994,2020,6,21
903,2020-06-22,517163811,2020,6,22
904,2020-06-23,499668163,2020,6,23
905,2020-06-24,510537718,2020,6,24
906,2020-06-25,508433778,2020,6,25
907,2020-06-26,510882735,2020,6,26
908,2020-06-27,500937018,2020,6,27
909,2020-06-28,514335291,2020,6,28
910,2020-06-29,512986448,2020,6,29
911,2020-06-30,507405267,2020,6,30
912,2020-07-01,497076437,2020,7,1
913,2020-07-02,512862766,2020,7,2
914,2020-07-03,508116280,2020,7,3
915,2020-07-04,518985082,2020,7,4
916,2020-07-05,511545962,2020,7,5
917,2020-07-06,497330344,2020,7,6
918,2020-07-07,505413473,2020,7,7
919,2020-07-08,508107545,2020,7,8
920,2020-07-09,510643953,2020,7,9
921,2020-07-10,507464909,2020,7,10
922,2020-07-11,509776029,2020,7,11
923,2020-07-12,513268128,2020,7,12
924,2020-07-13,516262903,2020,7,13
925,2020-07-14,508690065,2020,7,14
926,2020-07-15,503499972,2020,7,15
927,2020-07-16,514748968,2020,7,16
928,2020-07-17,511409692,2020,7,17
929,2020-07-18,513599626,2020,7,18
930,2020-07-19,516858808,2020,7,19
931,2020-07-20,511410189,2020,7,20
932,2020-07-21,510396903,2020,7,21
933,2020-07-22,508432185,2020,7,22
934,2020-07-23,511384819,2020,7,23
935,2020-07-24,504377569,2020,7,24
936,2020-07-25,519425894,2020,7,25
937,2020-07-26,511489589,2020,7,26
938,2020-07-27,508968833,2020,7,27
939,2020-07-28,501023187,2020,7,28
940,2020-07-29,514459876,2020,7,29
941,2020-07-30,511228871,2020,7,30
942,2020-07-31,518785689,2020,7,31
943,2020-08-01,507947944,2020,8,1
944,2020-08-02,509327532,2020,8,2
945,2020-08-03,501377791,2020,8,3
946,2020-08-04,511559614,2020,8,4
947,2020-08-05,514544179,2020,8,5
948,2020-08-06,519567415,2020,8,6
949,2020-08-07,510986254,2020,8,7
950,2020-08-08,515921208,2020,8,8
951,2020-08-09,517571445,2020,8,9
952,2020-08-10,514083237,2020,8,10
953,2020-08-11,518034784,2020,8,11
954,2020-08-12,517370194,2020,8,12
955,2020-08-13,517616375,2020,8,13
956,2020-08-14,519347107,2020,8,14
957,2020-08-15,509910419,2020,8,15
958,2020-08-16,514973692,2020,8,16
959,2020-08-17,506353992,2020,8,17
960,2020-08-18,512721717,2020,8,18
961,2020-08-19,519822374,2020,8,19
962,2020-08-20,509711876,2020,8,20
963,2020-08-21,517464600,2020,8,21
964,2020-08-22,508900603,2020,8,22
965,2020-08-23,526337749,2020,8,23
966,2020-08-24,512196798,2020,8,24
967,2020-08-25,504301845,2020,8,25
968,2020-08-26,509322223,2020,8,26
969,2020-08-27,524915838,2020,8,27
970,2020-08-28,513747136,2020,8,28
971,2020-08-29,516250685,2020,8,29
972,2020-08-30,528074760,2020,8,30
973,2020-08-31,517157542,2020,8,31
974,2020-09-01,515027485,2020,9,1
975,2020-09-02,524582883,2020,9,2
976,2020-09-03,514953369,2020,9,3
977,2020-09-04,517643512,2020,9,4
978,2020-09-05,520302459,2020,9,5
979,2020-09-06,517588355,2020,9,6
980,2020-09-07,509438962,2020,9,7
981,2020-09-08,520331619,2020,9,8
982,2020-09-09,508732408,2020,9,9
983,2020-09-10,512743343,2020,9,10
984,2020-09-11,516071540,2020,9,11
985,2020-09-12,511434039,2020,9,12
986,2020-09-13,515625086,2020,9,13
987,2020-09-14,521790738,2020,9,14
988,2020-09-15,516113186,2020,9,15
989,2020-09-16,515969209,2020,9,16
990,2020-09-17,524471590,2020,9,17
991,2020-09-18,511029465,2020,9,18
992,2020-09-19,512380477,2020,9,19
993,2020-09-20,522744999,2020,9,20
994,2020-09-21,517110147,2020,9,21
995,2020-09-22,512806361,2020,9,22
996,2020-09-23,519003825,2020,9,23
997,2020-09-24,512254207,2020,9,24
998,2020-09-25,523197528,2020,9,25
999,2020-09-26,521488815,2020,9,26
1000,2020-09-27,515212636,2020,9,27
1001,2020-09-28,515947710,2020,9,28
1002,2020-09-29,520579130,2020,9,29
1003,2020-09-30,519624093,2020,9,30
1004,2020-10-01,520728095,2020,10,1
1005,2020-10-02,525262318,2020,10,2
1006,2020-10-03,511789128,2020,10,3
1007,2020-10-04,525287396,2020,10,4
1008,2020-10-05,524841933,2020,10,5
1009,2020-10-06,510825195,2020,10,6
1010,2020-10-07,520846697,2020,10,7
1011,2020-10-08,517439077,2020,10,8
1012,2020-10-09,521073543,2020,10,9
1013,2020-10-10,520143543,2020,10,10
1014,2020-10-11,520015622,2020,10,11
1015,2020-10-12,524027271,2020,10,12
1016,2020-10-13,524676438,2020,10,13
1017,2020-10-14,527490653,2020,10,14
1018,2020-10-15,524439122,2020,10,15
1019,2020-10-16,523350667,2020,10,16
1020,2020-10-17,514634607,2020,10,17
1021,2020-10-18,516267598,2020,10,18
1022,2020-10-19,505541249,2020,10,19
1023,2020-10-20,526499876,2020,10,20
1024,2020-10-21,524278676,2020,10,21
1025,2020-10-22,526236278,2020,10,22
1026,2020-10-23,517585228,2020,10,23
1027,2020-10-24,523304723,2020,10,24
1028,2020-10-25,527756190,2020,10,25
1029,2020-10-26,515663421,2020,10,26
1030,2020-10-27,521728538,2020,10,27
1031,2020-10-28,523301261,2020,10,28
1032,2020-10-29,517229807,2020,10,29
1033,2020-10-30,518132181,2020,10,30
1034,2020-10-31,530668365,2020,10,31
1035,2020-11-01,518069599,2020,11,1
1036,2020-11-02,532600042,2020,11,2
1037,2020-11-03,529433081,2020,11,3
1038,2020-11-04,524593303,2020,11,4
1039,2020-11-05,520798852,2020,11,5
1040,2020-11-06,522546034,2020,11,6
1041,2020-11-07,530562830,2020,11,7
1042,2020-11-08,529855187,2020,11,8
1043,2020-11-09,516893930,2020,11,9
1044,2020-11-10,522828804,2020,11,10
1045,2020-11-11,514750059,2020,11,11
1046,2020-11-12,523166127,2020,11,12
1047,2020-11-13,521316120,2020,11,13
1048,2020-11-14,522405852,2020,11,14
1049,2020-11-15,518727718,2020,11,15
1050,2020-11-16,522149444,2020,11,16
1051,2020-11-17,524906900,2020,11,17
1052,2020-11-18,525986974,2020,11,18
1053,2020-11-19,520858539,2020,11,19
1054,2020-11-20,525175591,2020,11,20
1055,2020-11-21,525798887,2020,11,21
1056,2020-11-22,514099326,2020,11,22
1057,2020-11-23,516069720,2020,11,23
1058,2020-11-24,525029054,2020,11,24
1059,2020-11-25,519341035,2020,11,25
1060,2020-11-26,531037434,2020,11,26
1061,2020-11-27,526418770,2020,11,27
1062,2020-11-28,521454273,2020,11,28
1063,2020-11-29,525952922,2020,11,29
1064,2020-11-30,521987367,2020,11,30
1065,2020-12-01,526358457,2020,12,1
1066,2020-12-02,529732313,2020,12,2
1067,2020-12-03,529467345,2020,12,3
1068,2020-12-04,526723494,2020,12,4
1069,2020-12-05,530207153,2020,12,5
1070,2020-12-06,526188226,2020,12,6
1071,2020-12-07,526284266,2020,12,7
1072,2020-12-08,525617118,2020,12,8
1073,2020-12-09,519061084,2020,12,9
1074,2020-12-10,525582946,2020,12,10
1075,2020-12-11,526334123,2020,12,11
1076,2020-12-12,521897209,2020,12,12
1077,2020-12-13,528512582,2020,12,13
1078,2020-12-14,527789389,2020,12,14
1079,2020-12-15,528850180,2020,12,15
1080,2020-12-16,516865868,2020,12,16
1081,2020-12-17,524691287,2020,12,17
1082,2020-12-18,527689077,2020,12,18
1083,2020-12-19,533569105,2020,12,19
1084,2020-12-20,524735372,2020,12,20
1085,2020-12-21,525542303,2020,12,21
1086,2020-12-22,529983871,2020,12,22
1087,2020-12-23,526205996,2020,12,23
1088,2020-12-24,524794238,2020,12,24
1089,2020-12-25,528883283,2020,12,25
1090,2020-12-26,525554581,2020,12,26
1091,2020-12-27,531493582,2020,12,27
1092,2020-12-28,530280474,2020,12,28
1093,2020-12-29,524560842,2020,12,29
1094,2020-12-30,523124984,2020,12,30
1095,2020-12-31,521777295,2020,12,31
1096,2021-01-01,525816630,2021,1,1
1097,2021-01-02,531881542,2021,1,2
1098,2021-01-03,534025398,2021,1,3
1099,2021-01-04,526015461,2021,1,4
1100,2021-01-05,539320576,2021,1,5
1101,2021-01-06,536431136,2021,1,6
1102,2021-01-07,531711307,2021,1,7
1103,2021-01-08,534295432,2021,1,8
1104,2021-01-09,527614117,2021,1,9
1105,2021-01-10,533164753,2021,1,10
1106,2021-01-11,528335393,2021,1,11
1107,2021-01-12,524203135,2021,1,12
1108,2021-01-13,532091045,2021,1,13
1109,2021-01-14,534863178,2021,1,14
1110,2021-01-15,532206627,2021,1,15
1111,2021-01-16,522924951,2021,1,16
1112,2021-01-17,523227357,2021,1,17
1113,2021-01-18,528958051,2021,1,18
1114,2021-01-19,535414741,2021,1,19
1115,2021-01-20,539551058,2021,1,20
1116,2021-01-21,526787455,2021,1,21
1117,2021-01-22,530359200,2021,1,22
1118,2021-01-23,528301253,2021,1,23
1119,2021-01-24,533737774,2021,1,24
1120,2021-01-25,532700153,2021,1,25
1121,2021-01-26,532451121,2021,1,26
1122,2021-01-27,520805785,2021,1,27
1123,2021-01-28,536965294,2021,1,28
1124,2021-01-29,537714386,2021,1,29
1125,2021-01-30,535623224,2021,1,30
1126,2021-01-31,527134098,2021,1,31
1127,2021-02-01,535304756,2021,2,1
1128,2021-02-02,531814820,2021,2,2
1129,2021-02-03,528114829,2021,2,3
1130,2021-02-04,531295616,2021,2,4
1131,2021-02-05,530577654,2021,2,5
1132,2021-02-06,539731774,2021,2,6
1133,2021-02-07,539644660,2021,2,7
1134,2021-02-08,535947215,2021,2,8
1135,2021-02-09,526453746,2021,2,9
1136,2021-02-10,528605107,2021,2,10
1137,2021-02-11,529324707,2021,2,11
1138,2021-02-12,535639321,2021,2,12
1139,2021-02-13,528214598,2021,2,13
1140,2021-02-14,531267209,2021,2,14
1141,2021-02-15,537754432,2021,2,15
1142,2021-02-16,539292301,2021,2,16
1143,2021-02-17,534399464,2021,2,17
1144,2021-02-18,540853588,2021,2,18
1145,2021-02-19,525330135,2021,2,19
1146,2021-02-20,529784697,2021,2,20
1147,2021-02-21,530299096,2021,2,21
1148,2021-02-22,532319430,2021,2,22
1149,2021-02-23,529967845,2021,2,23
1150,2021-02-24,532286162,2021,2,24
1151,2021-02-25,521674192,2021,2,25
1152,2021-02-26,538607844,2021,2,26
1153,2021-02-27,530147785,2021,2,27
1154,2021-02-28,532854610,2021,2,28
1155,2021-03-01,533923492,2021,3,1
1156,2021-03-02,533154743,2021,3,2
1157,2021-03-03,531062693,2021,3,3
1158,2021-03-04,538562142,2021,3,4
1159,2021-03-05,541222710,2021,3,5
1160,2021-03-06,534903932,2021,3,6
1161,2021-03-07,544836794,2021,3,7
1162,2021-03-08,539598089,2021,3,8
1163,2021-03-09,535709383,2021,3,9
1164,2021-03-10,539905915,2021,3,10
1165,2021-03-11,538447514,2021,3,11
1166,2021-03-12,535289738,2021,3,12
1167,2021-03-13,540142098,2021,3,13
1168,2021-03-14,536056940,2021,3,14
1169,2021-03-15,536477686,2021,3,15
1170,2021-03-16,540037733,2021,3,16
1171,2021-03-17,538437034,2021,3,17
1172,2021-03-18,533014797,2021,3,18
1173,2021-03-19,540705445,2021,3,19
1174,2021-03-20,533264024,2021,3,20
1175,2021-03-21,538975490,2021,3,21
1176,2021-03-22,544778121,2021,3,22
1177,2021-03-23,541234413,2021,3,23
1178,2021-03-24,539760542,2021,3,24
1179,2021-03-25,541982256,2021,3,25
1180,2021-03-26,541821876,2021,3,26
1181,2021-03-27,546450946,2021,3,27
1182,2021-03-28,533163747,2021,3,28
1183,2021-03-29,548967477,2021,3,29
1184,2021-03-30,534177577,2021,3,30
1185,2021-03-31,539635917,2021,3,31
1186,2021-04-01,540315805,2021,4,1
1187,2021-04-02,536410810,2021,4,2
1188,2021-04-03,536022864,2021,4,3
1189,2021-04-04,530751551,2021,4,4
1190,2021-04-05,546806123,2021,4,5
1191,2021-04-06,543737222,2021,4,6
1192,2021-04-07,546061053,2021,4,7
1193,2021-04-08,531087518,2021,4,8
1194,2021-04-09,549113885,2021,4,9
1195,2021-04-10,542476118,2021,4,10
1196,2021-04-11,546028200,2021,4,11
1197,2021-04-12,543300177,2021,4,12
1198,2021-04-13,525372140,2021,4,13
1199,2021-04-14,544265199,2021,4,14
1200,2021-04-15,540292051,2021,4,15
1201,2021-04-16,535555939,2021,4,16
1202,2021-04-17,541602643,2021,4,17
1203,2021-04-18,535921706,2021,4,18
1204,2021-04-19,534974083,2021,4,19
1205,2021-04-20,549180679,2021,4,20
1206,2021-04-21,547778049,2021,4,21
1207,2021-04-22,538886686,2021,4,22
1208,2021-04-23,545645138,2021,4,23
1209,2021-04-24,551569258,2021,4,24
1210,2021-04-25,540352997,2021,4,25
1211,2021-04-26,543927178,2021,4,26
1212,2021-04-27,537048316,2021,4,27
1213,2021-04-28,533666012,2021,4,28
1214,2021-04-29,541068724,2021,4,29
1215,2021-04-30,551683376,2021,4,30
1216,2021-05-01,533380670,2021,5,1
1217,2021-05-02,543561533,2021,5,2
1218,2021-05-03,545543254,2021,5,3
1219,2021-05-04,534123412,2021,5,4
1220,2021-05-05,539864701,2021,5,5
1221,2021-05-06,550561769,2021,5,6
1222,2021-05-07,546413987,2021,5,7
1223,2021-05-08,539103398,2021,5,8
1224,2021-05-09,542369279,2021,5,9
1225,2021-05-10,537848660,2021,5,10
1226,2021-05-11,546061224,2021,5,11
1227,2021-05-12,544442270,2021,5,12
1228,2021-05-13,535869835,2021,5,13
1229,2021-05-14,537920684,2021,5,14
1230,2021-05-15,544829947,2021,5,15
1231,2021-05-16,547144768,2021,5,16
1232,2021-05-17,538765970,2021,5,17
1233,2021-05-18,544270899,2021,5,18
1234,2021-05-19,548736661,2021,5,19
1235,2021-05-20,553634563,2021,5,20
1236,2021-05-21,537036058,2021,5,21
1237,2021-05-22,542739397,2021,5,22
1238,2021-05-23,546931613,2021,5,23
1239,2021-05-24,543810428,2021,5,24
1240,2021-05-25,543004820,2021,5,25
1241,2021-05-26,538568025,2021,5,26
1242,2021-05-27,546947255,2021,5,27
1243,2021-05-28,541817594,2021,5,28
1244,2021-05-29,546846137,2021,5,29
1245,2021-05-30,545549971,2021,5,30
1246,2021-05-31,554037577,2021,5,31
1247,2021-06-01,547939541,2021,6,1
1248,2021-06-02,550123593,2021,6,2
1249,2021-06-03,539861272,2021,6,3
1250,2021-06-04,553243041,2021,6,4
1251,2021-06-05,549887935,2021,6,5
1252,2021-06-06,540950145,2021,6,6
1253,2021-06-07,553997233,2021,6,7
1254,2021-06-08,549060554,2021,6,8
1255,2021-06-09,548998067,2021,6,9
1256,2021-06-10,543656368,2021,6,10
1257,2021-06-11,546275034,2021,6,11
1258,2021-06-12,539211022,2021,6,12
1259,2021-06-13,543411273,2021,6,13
1260,2021-06-14,553002351,2021,6,14
1261,2021-06-15,539830073,2021,6,15
1262,2021-06-16,546330605,2021,6,16
1263,2021-06-17,547319494,2021,6,17
1264,2021-06-18,548181078,2021,6,18
1265,2021-06-19,547643456,2021,6,19
1266,2021-06-20,544624000,2021,6,20
1267,2021-06-21,549250840,2021,6,21
1268,2021-06-22,550647449,2021,6,22
1269,2021-06-23,544777995,2021,6,23
1270,2021-06-24,544051640,2021,6,24
1271,2021-06-25,542559908,2021,6,25
1272,2021-06-26,546791929,2021,6,26
1273,2021-06-27,554928662,2021,6,27
1274,2021-06-28,557698793,2021,6,28
1275,2021-06-29,548716941,2021,6,29
1276,2021-06-30,554512096,2021,6,30
1277,2021-07-01,540512595,2021,7,1
1278,2021-07-02,551457898,2021,7,2
1279,2021-07-03,550118437,2021,7,3
1280,2021-07-04,545723211,2021,7,4
1281,2021-07-05,566391257,2021,7,5
1282,2021-07-06,552533973,2021,7,6
1283,2021-07-07,554600812,2021,7,7
1284,2021-07-08,557546182,2021,7,8
1285,2021-07-09,558283888,2021,7,9
1286,2021-07-10,547088545,2021,7,10
1287,2021-07-11,551224723,2021,7,11
1288,2021-07-12,557420067,2021,7,12
1289,2021-07-13,543537323,2021,7,13
1290,2021-07-14,559544812,2021,7,14
1291,2021-07-15,561466423,2021,7,15
1292,2021-07-16,553395733,2021,7,16
1293,2021-07-17,555173473,2021,7,17
1294,2021-07-18,551174681,2021,7,18
1295,2021-07-19,552868228,2021,7,19
1296,2021-07-20,549740283,2021,7,20
1297,2021-07-21,548664745,2021,7,21
1298,2021-07-22,549566045,2021,7,22
1299,2021-07-23,555881253,2021,7,23
1300,2021-07-24,542750785,2021,7,24
1301,2021-07-25,541943486,2021,7,25
1302,2021-07-26,547538575,2021,7,26
1303,2021-07-27,548179280,2021,7,27
1304,2021-07-28,555983367,2021,7,28
1305,2021-07-29,556674142,2021,7,29
1306,2021-07-30,555987261,2021,7,30
1307,2021-07-31,547874547,2021,7,31
1308,2021-08-01,548560412,2021,8,1
1309,2021-08-02,554750713,2021,8,2
1310,2021-08-03,559551230,2021,8,3
1311,2021-08-04,559850720,2021,8,4
1312,2021-08-05,549089122,2021,8,5
1313,2021-08-06,550087320,2021,8,6
1314,2021-08-07,552363829,2021,8,7
1315,2021-08-08,541082728,2021,8,8
1316,2021-08-09,553371290,2021,8,9
1317,2021-08-10,542591141,2021,8,10
1318,2021-08-11,545320591,2021,8,11
1319,2021-08-12,556360343,2021,8,12
1320,2021-08-13,554562240,2021,8,13
1321,2021-08-14,554967963,2021,8,14
1322,2021-08-15,559368112,2021,8,15
1323,2021-08-16,557389275,2021,8,16
1324,2021-08-17,549908959,2021,8,17
1325,2021-08-18,559678293,2021,8,18
1326,2021-08-19,556183918,2021,8,19
1327,2021-08-20,555489089,2021,8,20
1328,2021-08-21,551183309,2021,8,21
1329,2021-08-22,557506888,2021,8,22
1330,2021-08-23,551936112,2021,8,23
1331,2021-08-24,555844750,2021,8,24
1332,2021-08-25,560261600,2021,8,25
1333,2021-08-26,562447077,2021,8,26
1334,2021-08-27,555766678,2021,8,27
1335,2021-08-28,549919715,2021,8,28
1336,2021-08-29,552238478,2021,8,29
1337,2021-08-30,560490010,2021,8,30
1338,2021-08-31,560724308,2021,8,31
1339,2021-09-01,547072285,2021,9,1
1340,2021-09-02,549790572,2021,9,2
1341,2021-09-03,560571131,2021,9,3
1342,2021-09-04,554321480,2021,9,4
1343,2021-09-05,563994062,2021,9,5
1344,2021-09-06,553642859,2021,9,6
1345,2021-09-07,563520757,2021,9,7
1346,2021-09-08,555012424,2021,9,8
1347,2021-09-09,550764405,2021,9,9
1348,2021-09-10,560170974,2021,9,10
1349,2021-09-11,555803919,2021,9,11
1350,2021-09-12,555653537,2021,9,12
1351,2021-09-13,561117589,2021,9,13
1352,2021-09-14,552109158,2021,9,14
1353,2021-09-15,562135941,2021,9,15
1354,2021-09-16,554927449,2021,9,16
1355,2021-09-17,546291392,2021,9,17
1356,2021-09-18,553983051,2021,9,18
1357,2021-09-19,559314184,2021,9,19
1358,2021-09-20,558582472,2021,9,20
1359,2021-09-21,556524355,2021,9,21
1360,2021-09-22,561787711,2021,9,22
1361,2021-09-23,560483537,2021,9,23
1362,2021-09-24,559942191,2021,9,24
1363,2021-09-25,562987334,2021,9,25
1364,2021-09-26,556759706,2021,9,26
1365,2021-09-27,557183236,2021,9,27
1366,2021-09-28,553590615,2021,9,28
1367,2021-09-29,552945275,2021,9,29
1368,2021-09-30,554365898,2021,9,30
1369,2021-10-01,558040889,2021,10,1
1370,2021-10-02,556010936,2021,10,2
1371,2021-10-03,558613955,2021,10,3
1372,2021-10-04,564351078,2021,10,4
1373,2021-10-05,555752521,2021,10,5
1374,2021-10-06,553790467,2021,10,6
1375,2021-10-07,548839418,2021,10,7
1376,2021-10-08,559684510,2021,10,8
1377,2021-10-09,559566158,2021,10,9
1378,2021-10-10,560513037,2021,10,10
1379,2021-10-11,555333958,2021,10,11
1380,2021-10-12,566623071,2021,10,12
1381,2021-10-13,554449982,2021,10,13
1382,2021-10-14,562214381,2021,10,14
1383,2021-10-15,555735120,2021,10,15
1384,2021-10-16,558205956,2021,10,16
1385,2021-10-17,556636239,2021,10,17
1386,2021-10-18,567939140,2021,10,18
1387,2021-10-19,559658420,2021,10,19
1388,2021-10-20,561428207,2021,10,20
1389,2021-10-21,565028262,2021,10,21
1390,2021-10-22,558365036,2021,10,22
1391,2021-10-23,559906217,2021,10,23
1392,2021-10-24,557696237,2021,10,24
1393,2021-10-25,565002578,2021,10,25
1394,2021-10-26,561468028,2021,10,26
1395,2021-10-27,559837750,2021,10,27
1396,2021-10-28,564829765,2021,10,28
1397,2021-10-29,560058855,2021,10,29
1398,2021-10-30,559474579,2021,10,30
1399,2021-10-31,566901073,2021,10,31
1400,2021-11-01,557863841,2021,11,1
1401,2021-11-02,565344367,2021,11,2
1402,2021-11-03,565973992,2021,11,3
1403,2021-11-04,565464293,2021,11,4
1404,2021-11-05,562037207,2021,11,5
1405,2021-11-06,560367499,2021,11,6
1406,2021-11-07,557767008,2021,11,7
1407,2021-11-08,564440423,2021,11,8
1408,2021-11-09,570944071,2021,11,9
1409,2021-11-10,567069283,2021,11,10
1410,2021-11-11,568609579,2021,11,11
1411,2021-11-12,566403968,2021,11,12
1412,2021-11-13,561566640,2021,11,13
1413,2021-11-14,560502995,2021,11,14
1414,2021-11-15,570081344,2021,11,15
1415,2021-11-16,567545432,2021,11,16
1416,2021-11-17,558759028,2021,11,17
1417,2021-11-18,558695360,2021,11,18
1418,2021-11-19,558834360,2021,11,19
1419,2021-11-20,559416704,2021,11,20
1420,2021-11-21,560810996,2021,11,21
1421,2021-11-22,565420744,2021,11,22
1422,2021-11-23,566531912,2021,11,23
1423,2021-11-24,569828264,2021,11,24
1424,2021-11-25,562046922,2021,11,25
1425,2021-11-26,563047075,2021,11,26
1426,2021-11-27,563817351,2021,11,27
1427,2021-11-28,565005557,2021,11,28
1428,2021-11-29,559766017,2021,11,29
1429,2021-11-30,571494606,2021,11,30
1430,2021-12-01,559965566,2021,12,1
1431,2021-12-02,567696084,2021,12,2
1432,2021-12-03,563413901,2021,12,3
1433,2021-12-04,563158091,2021,12,4
1434,2021-12-05,572038402,2021,12,5
1435,2021-12-06,572402959,2021,12,6
1436,2021-12-07,570338984,2021,12,7
1437,2021-12-08,562855154,2021,12,8
1438,2021-12-09,567449312,2021,12,9
1439,2021-12-10,566983917,2021,12,10
1440,2021-12-11,568070090,2021,12,11
1441,2021-12-12,566555417,2021,12,12
1442,2021-12-13,554114979,2021,12,13
1443,2021-12-14,571065796,2021,12,14
1444,2021-12-15,562340877,2021,12,15
1445,2021-12-16,564315254,2021,12,16
1446,2021-12-17,569595632,2021,12,17
1447,2021-12-18,569859369,2021,12,18
1448,2021-12-19,563584325,2021,12,19
1449,2021-12-20,575279814,2021,12,20
1450,2021-12-21,558747744,2021,12,21
1451,2021-12-22,567881481,2021,12,22
1452,2021-12-23,562770699,2021,12,23
1453,2021-12-24,565082689,2021,12,24
1454,2021-12-25,563056391,2021,12,25
1455,2021-12-26,568459409,2021,12,26
1456,2021-12-27,564995262,2021,12,27
1457,2021-12-28,573239957,2021,12,28
1458,2021-12-29,567120653,2021,12,29
1459,2021-12-30,571726430,2021,12,30
1460,2021-12-31,575822364,2021,12,31
1461,2022-01-01,581445321,2022,1,1
1462,2022-01-02,575360020,2022,1,2
1463,2022-01-03,572206767,2022,1,3
1464,2022-01-04,568846510,2022,1,4
1465,2022-01-05,563761737,2022,1,5
1466,2022-01-06,556257838,2022,1,6
1467,2022-01-07,570702744,2022,1,7
1468,2022-01-08,578650369,2022,1,8
1469,2022-01-09,566299264,2022,1,9
1470,2022-01-10,570965109,2022,1,10
1471,2022-01-11,571169534,2022,1,11
1472,2022-01-12,568706072,2022,1,12
1473,2022-01-13,568488345,2022,1,13
1474,2022-01-14,563253567,2022,1,14
1475,2022-01-15,566017864,2022,1,15
1476,2022-01-16,570177800,2022,1,16
1477,2022-01-17,567732471,2022,1,17
1478,2022-01-18,573715586,2022,1,18
1479,2022-01-19,564894572,2022,1,19
1480,2022-01-20,570354545,2022,1,20
1481,2022-01-21,578854311,2022,1,21
1482,2022-01-22,573513527,2022,1,22
1483,2022-01-23,568092195,2022,1,23
1484,2022-01-24,567583799,2022,1,24
1485,2022-01-25,574107514,2022,1,25
1486,2022-01-26,579454822,2022,1,26
1487,2022-01-27,562006249,2022,1,27
1488,2022-01-28,572754654,2022,1,28
1489,2022-01-29,576392326,2022,1,29
1490,2022-01-30,571213992,2022,1,30
1491,2022-01-31,569054340,2022,1,31
1492,2022-02-01,562675537,2022,2,1
1493,2022-02-02,572990869,2022,2,2
1494,2022-02-03,579470164,2022,2,3
1495,2022-02-04,574196400,2022,2,4
1496,2022-02-05,566569394,2022,2,5
1497,2022-02-06,574445793,2022,2,6
1498,2022-02-07,568148703,2022,2,7
1499,2022-02-08,578582502,2022,2,8
1500,2022-02-09,576476004,2022,2,9
1501,2022-02-10,575264333,2022,2,10
1502,2022-02-11,569832792,2022,2,11
1503,2022-02-12,573726976,2022,2,12
1504,2022-02-13,567379271,2022,2,13
1505,2022-02-14,578004210,2022,2,14
1506,2022-02-15,570792844,2022,2,15
1507,2022-02-16,576390212,2022,2,16
1508,2022-02-17,577187274,2022,2,17
1509,2022-02-18,564194273,2022,2,18
1510,2022-02-19,582490477,2022,2,19
1511,2022-02-20,577821409,2022,2,20
1512,2022-02-21,571545778,2022,2,21
1513,2022-02-22,580089480,2022,2,22
1514,2022-02-23,573785134,2022,2,23
1515,2022-02-24,577953487,2022,2,24
1516,2022-02-25,573165191,2022,2,25
1517,2022-02-26,560624380,2022,2,26
1518,2022-02-27,565366150,2022,2,27
1519,2022-02-28,576537850,2022,2,28
1520,2022-03-01,582186804,2022,3,1
1521,2022-03-02,581309857,2022,3,2
1522,2022-03-03,569273654,2022,3,3
1523,2022-03-04,579623839,2022,3,4
1524,2022-03-05,572438466,2022,3,5
1525,2022-03-06,577188182,2022,3,6
1526,2022-03-07,592316018,2022,3,7
1527,2022-03-08,570098448,2022,3,8
1528,2022-03-09,573906525,2022,3,9
1529,2022-03-10,576048434,2022,3,10
1530,2022-03-11,575277523,2022,3,11
1531,2022-03-12,570393665,2022,3,12
1532,2022-03-13,575156780,2022,3,13
1533,2022-03-14,579582006,2022,3,14
1534,2022-03-15,576059258,2022,3,15
1535,2022-03-16,579048488,2022,3,16
1536,2022-03-17,584394790,2022,3,17
1537,2022-03-18,573107186,2022,3,18
1538,2022-03-19,581577271,2022,3,19
1539,2022-03-20,574177736,2022,3,20
1540,2022-03-21,581106929,2022,3,21
1541,2022-03-22,576588756,2022,3,22
1542,2022-03-23,566080845,2022,3,23
1543,2022-03-24,576057279,2022,3,24
1544,2022-03-25,578806304,2022,3,25
1545,2022-03-26,576931282,2022,3,26
1546,2022-03-27,584077955,2022,3,27
1547,2022-03-28,577164005,2022,3,28
1548,2022-03-29,578603448,2022,3,29
1549,2022-03-30,575608347,2022,3,30
1550,2022-03-31,585842861,2022,3,31
1551,2022-04-01,578156159,2022,4,1
1552,2022-04-02,581256915,2022,4,2
1553,2022-04-03,580211056,2022,4,3
1554,2022-04-04,577122819,2022,4,4
1555,2022-04-05,586055862,2022,4,5
1556,2022-04-06,585534174,2022,4,6
1557,2022-04-07,577253168,2022,4,7
1558,2022-04-08,575866367,2022,4,8
1559,2022-04-09,573198720,2022,4,9
1560,2022-04-10,573392578,2022,4,10
1561,2022-04-11,582348215,2022,4,11
1562,2022-04-12,578536598,2022,4,12
1563,2022-04-13,577587227,2022,4,13
1564,2022-04-14,579081993,2022,4,14
1565,2022-04-15,577938296,2022,4,15
1566,2022-04-16,581393324,2022,4,16
1567,2022-04-17,574505755,2022,4,17
1568,2022-04-18,578025679,2022,4,18
1569,2022-04-19,580560597,2022,4,19
1570,2022-04-20,580259062,2022,4,20
1571,2022-04-21,582122522,2022,4,21
1572,2022-04-22,578436733,2022,4,22
1573,2022-04-23,586565196,2022,4,23
1574,2022-04-24,581012172,2022,4,24
1575,2022-04-25,587063465,2022,4,25
1576,2022-04-26,579300508,2022,4,26
1577,2022-04-27,579576269,2022,4,27
1578,2022-04-28,584044596,2022,4,28
1579,2022-04-29,578542926,2022,4,29
1580,2022-04-30,576546619,2022,4,30
1581,2022-05-01,572793964,2022,5,1
1582,2022-05-02,584388266,2022,5,2
1583,2022-05-03,580049382,2022,5,3
1584,2022-05-04,586007678,2022,5,4
1585,2022-05-05,579973231,2022,5,5
1586,2022-05-06,577839412,2022,5,6
1587,2022-05-07,583281254,2022,5,7
1588,2022-05-08,576771868,2022,5,8
1589,2022-05-09,581909212,2022,5,9
1590,2022-05-10,581077290,2022,5,10
1591,2022-05-11,582094937,2022,5,11
1592,2022-05-12,580742551,2022,5,12
1593,2022-05-13,591038752,2022,5,13
1594,2022-05-14,579419297,2022,5,14
1595,2022-05-15,584393841,2022,5,15
1596,2022-05-16,577712109,2022,5,16
1597,2022-05-17,582343137,2022,5,17
1598,2022-05-18,583608007,2022,5,18
1599,2022-05-19,591002229,2022,5,19
1600,2022-05-20,589985233,2022,5,20
1601,2022-05-21,586441631,2022,5,21
1602,2022-05-22,586513813,2022,5,22
1603,2022-05-23,583530945,2022,5,23
1604,2022-05-24,586316708,2022,5,24
1605,2022-05-25,584387690,2022,5,25
1606,2022-05-26,587793917,2022,5,26
1607,2022-05-27,589648383,2022,5,27
1608,2022-05-28,581351009,2022,5,28
1609,2022-05-29,580226374,2022,5,29
1610,2022-05-30,580464806,2022,5,30
1611,2022-05-31,587027400,2022,5,31
1612,2022-06-01,590896067,2022,6,1
1613,2022-06-02,593593068,2022,6,2
1614,2022-06-03,579817073,2022,6,3
1615,2022-06-04,596053512,2022,6,4
1616,2022-06-05,585687575,2022,6,5
1617,2022-06-06,583783361,2022,6,6
1618,2022-06-07,582222984,2022,6,7
1619,2022-06-08,581297476,2022,6,8
1620,2022-06-09,589014139,2022,6,9
1621,2022-06-10,593408742,2022,6,10
1622,2022-06-11,577343926,2022,6,11
1623,2022-06-12,584036290,2022,6,12
1624,2022-06-13,582726534,2022,6,13
1625,2022-06-14,588407989,2022,6,14
1626,2022-06-15,585595352,2022,6,15
1627,2022-06-16,583904314,2022,6,16
1628,2022-06-17,583957311,2022,6,17
1629,2022-06-18,592607339,2022,6,18
1630,2022-06-19,592348504,2022,6,19
1631,2022-06-20,583275466,2022,6,20
1632,2022-06-21,575672585,2022,6,21
1633,2022-06-22,587466961,2022,6,22
1634,2022-06-23,598029108,2022,6,23
1635,2022-06-24,581580965,2022,6,24
1636,2022-06-25,589867080,2022,6,25
1637,2022-06-26,587148791,2022,6,26
1638,2022-06-27,581947819,2022,6,27
1639,2022-06-28,586441697,2022,6,28
1640,2022-06-29,572958761,2022,6,29
1641,2022-06-30,577644541,2022,6,30
1642,2022-07-01,589292193,2022,7,1
1643,2022-07-02,582510484,2022,7,2
1644,2022-07-03,586989030,2022,7,3
1645,2022-07-04,593032565,2022,7,4
1646,2022-07-05,590408600,2022,7,5
1647,2022-07-06,588329050,2022,7,6
1648,2022-07-07,580380964,2022,7,7
1649,2022-07-08,592943097,2022,7,8
1650,2022-07-09,582914022,2022,7,9
1651,2022-07-10,581483584,2022,7,10
1652,2022-07-11,580199568,2022,7,11
1653,2022-07-12,587656291,2022,7,12
1654,2022-07-13,586373749,2022,7,13
1655,2022-07-14,595150580,2022,7,14
1656,2022-07-15,588272406,2022,7,15
1657,2022-07-16,580086375,2022,7,16
1658,2022-07-17,591591754,2022,7,17
1659,2022-07-18,589682778,2022,7,18
1660,2022-07-19,582724105,2022,7,19
1661,2022-07-20,583779762,2022,7,20
1662,2022-07-21,580912368,2022,7,21
1663,2022-07-22,594450565,2022,7,22
1664,2022-07-23,584881207,2022,7,23
1665,2022-07-24,587717876,2022,7,24
1666,2022-07-25,590516601,2022,7,25
1667,2022-07-26,590342632,2022,7,26
1668,2022-07-27,604535753,2022,7,27
1669,2022-07-28,584101795,2022,7,28
1670,2022-07-29,593200815,2022,7,29
1671,2022-07-30,597041247,2022,7,30
1672,2022-07-31,594791525,2022,7,31
1673,2022-08-01,586946044,2022,8,1
1674,2022-08-02,584525236,2022,8,2
1675,2022-08-03,597965535,2022,8,3
1676,2022-08-04,591586915,2022,8,4
1677,2022-08-05,587762859,2022,8,5
1678,2022-08-06,591841115,2022,8,6
1679,2022-08-07,593212044,2022,8,7
1680,2022-08-08,594205532,2022,8,8
1681,2022-08-09,599909736,2022,8,9
1682,2022-08-10,590395112,2022,8,10
1683,2022-08-11,592822448,2022,8,11
1684,2022-08-12,594379011,2022,8,12
1685,2022-08-13,599672939,2022,8,13
1686,2022-08-14,584064025,2022,8,14
1687,2022-08-15,586257469,2022,8,15
1688,2022-08-16,602384282,2022,8,16
1689,2022-08-17,586505953,2022,8,17
1690,2022-08-18,588311531,2022,8,18
1691,2022-08-19,591890760,2022,8,19
1692,2022-08-20,592671104,2022,8,20
1693,2022-08-21,596502362,2022,8,21
1694,2022-08-22,592022921,2022,8,22
1695,2022-08-23,603982980,2022,8,23
1696,2022-08-24,594252148,2022,8,24
1697,2022-08-25,592850630,2022,8,25
1698,2022-08-26,585382944,2022,8,26
1699,2022-08-27,595299914,2022,8,27
1700,2022-08-28,588794546,2022,8,28
1701,2022-08-29,595314255,2022,8,29
1702,2022-08-30,588683566,2022,8,30
1703,2022-08-31,597503450,2022,8,31
1704,2022-09-01,607930929,2022,9,1
1705,2022-09-02,594415815,2022,9,2
1706,2022-09-03,595890334,2022,9,3
1707,2022-09-04,598903116,2022,9,4
1708,2022-09-05,595364874,2022,9,5
1709,2022-09-06,599255231,2022,9,6
1710,2022-09-07,592754767,2022,9,7
1711,2022-09-08,594407423,2022,9,8
1712,2022-09-09,603162355,2022,9,9
1713,2022-09-10,597540464,2022,9,10
1714,2022-09-11,595702967,2022,9,11
1715,2022-09-12,594569658,2022,9,12
1716,2022-09-13,591898075,2022,9,13
1717,2022-09-14,584529304,2022,9,14
1718,2022-09-15,597668027,2022,9,15
1719,2022-09-16,602304104,2022,9,16
1720,2022-09-17,595777446,2022,9,17
1721,2022-09-18,594096141,2022,9,18
1722,2022-09-19,593395398,2022,9,19
1723,2022-09-20,606975201,2022,9,20
1724,2022-09-21,603067890,2022,9,21
1725,2022-09-22,592574546,2022,9,22
1726,2022-09-23,598006109,2022,9,23
1727,2022-09-24,593800156,2022,9,24
1728,2022-09-25,601244757,2022,9,25
1729,2022-09-26,595558256,2022,9,26
1730,2022-09-27,592645973,2022,9,27
1731,2022-09-28,606170518,2022,9,28
1732,2022-09-29,597369668,2022,9,29
1733,2022-09-30,602734764,2022,9,30
1734,2022-10-01,594676323,2022,10,1
1735,2022-10-02,603297483,2022,10,2
1736,2022-10-03,590099792,2022,10,3
1737,2022-10-04,599942033,2022,10,4
1738,2022-10-05,598976017,2022,10,5
1739,2022-10-06,600956159,2022,10,6
1740,2022-10-07,593732723,2022,10,7
1741,2022-10-08,595918006,2022,10,8
1742,2022-10-09,601109218,2022,10,9
1743,2022-10-10,588518178,2022,10,10
1744,2022-10-11,610824603,2022,10,11
1745,2022-10-12,598227084,2022,10,12
1746,2022-10-13,596912692,2022,10,13
1747,2022-10-14,597838686,2022,10,14
1748,2022-10-15,604283334,2022,10,15
1749,2022-10-16,608722848,2022,10,16
1750,2022-10-17,593407087,2022,10,17
1751,2022-10-18,594796889,2022,10,18
1752,2022-10-19,603331298,2022,10,19
1753,2022-10-20,598859012,2022,10,20
1754,2022-10-21,594143033,2022,10,21
1755,2022-10-22,594662461,2022,10,22
1756,2022-10-23,601917770,2022,10,23
1757,2022-10-24,594533016,2022,10,24
1758,2022-10-25,608910436,2022,10,25
1759,2022-10-26,597540813,2022,10,26
1760,2022-10-27,599953366,2022,10,27
1761,2022-10-28,600645340,2022,10,28
1762,2022-10-29,598814180,2022,10,29
1763,2022-10-30,599794087,2022,10,30
1764,2022-10-31,609606006,2022,10,31
1765,2022-11-01,604964287,2022,11,1
1766,2022-11-02,605577960,2022,11,2
1767,2022-11-03,603671293,2022,11,3
1768,2022-11-04,599201866,2022,11,4
1769,2022-11-05,605450664,2022,11,5
1770,2022-11-06,608735590,2022,11,6
1771,2022-11-07,603613111,2022,11,7
1772,2022-11-08,603954074,2022,11,8
1773,2022-11-09,602149489,2022,11,9
1774,2022-11-10,607816514,2022,11,10
1775,2022-11-11,598054818,2022,11,11
1776,2022-11-12,606898026,2022,11,12
1777,2022-11-13,598673176,2022,11,13
1778,2022-11-14,595265806,2022,11,14
1779,2022-11-15,605385034,2022,11,15
1780,2022-11-16,606270226,2022,11,16
1781,2022-11-17,603729964,2022,11,17
1782,2022-11-18,598753319,2022,11,18
1783,2022-11-19,605019318,2022,11,19
1784,2022-11-20,609741040,2022,11,20
1785,2022-11-21,598973396,2022,11,21
1786,2022-11-22,603162202,2022,11,22
1787,2022-11-23,598952257,2022,11,23
1788,2022-11-24,603611226,2022,11,24
1789,2022-11-25,613193748,2022,11,25
1790,2022-11-26,599834602,2022,11,26
1791,2022-11-27,603141273,2022,11,27
1792,2022-11-28,598654753,2022,11,28
1793,2022-11-29,607576359,2022,11,29
1794,2022-11-30,607372639,2022,11,30
1795,2022-12-01,606440465,2022,12,1
1796,2022-12-02,601869370,2022,12,2
1797,2022-12-03,597577132,2022,12,3
1798,2022-12-04,607566543,2022,12,4
1799,2022-12-05,607141116,2022,12,5
1800,2022-12-06,614876398,2022,12,6
1801,2022-12-07,613149056,2022,12,7
1802,2022-12-08,595374056,2022,12,8
1803,2022-12-09,608468454,2022,12,9
1804,2022-12-10,603209475,2022,12,10
1805,2022-12-11,608057391,2022,12,11
1806,2022-12-12,608324453,2022,12,12
1807,2022-12-13,604798244,2022,12,13
1808,2022-12-14,607592417,2022,12,14
1809,2022-12-15,609013105,2022,12,15
1810,2022-12-16,613161344,2022,12,16
1811,2022-12-17,606769008,2022,12,17
1812,2022-12-18,605267119,2022,12,18
1813,2022-12-19,611268427,2022,12,19
1814,2022-12-20,601490483,2022,12,20
1815,2022-12-21,606491504,2022,12,21
1816,2022-12-22,612513140,2022,12,22
1817,2022-12-23,611965330,2022,12,23
1818,2022-12-24,604195638,2022,12,24
1819,2022-12-25,609887498,2022,12,25
1820,2022-12-26,601499858,2022,12,26
1821,2022-12-27,611941690,2022,12,27
1822,2022-12-28,615584637,2022,12,28
1823,2022-12-29,611245354,2022,12,29
1824,2022-12-30,618617924,2022,12,30
1825,2022-12-31,623675162,2022,12,31
1826,2023-01-01,609695313,2023,1,1
1827,2023-01-02,606069237,2023,1,2
1828,2023-01-03,612685541,2023,1,3
1829,2023-01-04,595514653,2023,1,4
1830,2023-01-05,606335481,2023,1,5
1831,2023-01-06,609743916,2023,1,6
1832,2023-01-07,607883209,2023,1,7
1833,2023-01-08,612964272,2023,1,8
1834,2023-01-09,607438138,2023,1,9
1835,2023-01-10,602898517,2023,1,10
1836,2023-01-11,612014029,2023,1,11
1837,2023-01-12,612031320,2023,1,12
1838,2023-01-13,600868630,2023,1,13
1839,2023-01-14,611650603,2023,1,14
1840,2023-01-15,598688776,2023,1,15
1841,2023-01-16,607300375,2023,1,16
1842,2023-01-17,605054444,2023,1,17
1843,2023-01-18,600048938,2023,1,18
1844,2023-01-19,615702419,2023,1,19
1845,2023-01-20,609406961,2023,1,20
1846,2023-01-21,609334343,2023,1,21
1847,2023-01-22,611562879,2023,1,22
1848,2023-01-23,613484022,2023,1,23
1849,2023-01-24,605580278,2023,1,24
1850,2023-01-25,603996681,2023,1,25
1851,2023-01-26,608135786,2023,1,26
1852,2023-01-27,618450394,2023,1,27
1853,2023-01-28,609873664,2023,1,28
1854,2023-01-29,608528067,2023,1,29
1855,2023-01-30,610766580,2023,1,30
1856,2023-01-31,606623736,2023,1,31
1857,2023-02-01,619775015,2023,2,1
1858,2023-02-02,606452473,2023,2,2
1859,2023-02-03,615419347,2023,2,3
1860,2023-02-04,610495227,2023,2,4
1861,2023-02-05,611837011,2023,2,5
1862,2023-02-06,609750144,2023,2,6
1863,2023-02-07,619445812,2023,2,7
1864,2023-02-08,616313346,2023,2,8
1865,2023-02-09,615527810,2023,2,9
1866,2023-02-10,609737690,2023,2,10
1867,2023-02-11,608920802,2023,2,11
1868,2023-02-12,608376193,2023,2,12
1869,2023-02-13,608288703,2023,2,13
1870,2023-02-14,604226342,2023,2,14
1871,2023-02-15,615665747,2023,2,15
1872,2023-02-16,621629532,2023,2,16
1873,2023-02-17,612986384,2023,2,17
1874,2023-02-18,619383938,2023,2,18
1875,2023-02-19,612821513,2023,2,19
1876,2023-02-20,616579192,2023,2,20
1877,2023-02-21,604411403,2023,2,21
1878,2023-02-22,605715791,2023,2,22
1879,2023-02-23,621424183,2023,2,23
1880,2023-02-24,606258484,2023,2,24
1881,2023-02-25,620410360,2023,2,25
1882,2023-02-26,617814668,2023,2,26
1883,2023-02-27,611402087,2023,2,27
1884,2023-02-28,626999362,2023,2,28
1885,2023-03-01,609239454,2023,3,1
1886,2023-03-02,619940154,2023,3,2
1887,2023-03-03,619560302,2023,3,3
1888,2023-03-04,615208743,2023,3,4
1889,2023-03-05,607516261,2023,3,5
1890,2023-03-06,622317147,2023,3,6
1891,2023-03-07,610819614,2023,3,7
1892,2023-03-08,604190353,2023,3,8
1893,2023-03-09,610988350,2023,3,9
1894,2023-03-10,619221511,2023,3,10
1895,2023-03-11,619372010,2023,3,11
1896,2023-03-12,613999785,2023,3,12
1897,2023-03-13,619458584,2023,3,13
1898,2023-03-14,615943437,2023,3,14
1899,2023-03-15,617359287,2023,3,15
1900,2023-03-16,618776127,2023,3,16
1901,2023-03-17,616123009,2023,3,17
1902,2023-03-18,613295404,2023,3,18
1903,2023-03-19,616732157,2023,3,19
1904,2023-03-20,614802081,2023,3,20
1905,2023-03-21,624463626,2023,3,21
1906,2023-03-22,616162625,2023,3,22
1907,2023-03-23,616767880,2023,3,23
1908,2023-03-24,618944109,2023,3,24
1909,2023-03-25,609963753,2023,3,25
1910,2023-03-26,619970644,2023,3,26
1911,2023-03-27,612991856,2023,3,27
1912,2023-03-28,610050544,2023,3,28
1913,2023-03-29,598680504,2023,3,29
1914,2023-03-30,613711349,2023,3,30
1915,2023-03-31,615659266,2023,3,31
1916,2023-04-01,624086165,2023,4,1
1917,2023-04-02,612928726,2023,4,2
1918,2023-04-03,618595427,2023,4,3
1919,2023-04-04,622626831,2023,4,4
1920,2023-04-05,627294927,2023,4,5
1921,2023-04-06,619889537,2023,4,6
1922,2023-04-07,609474940,2023,4,7
1923,2023-04-08,620622300,2023,4,8
1924,2023-04-09,623340921,2023,4,9
1925,2023-04-10,617554678,2023,4,10
1926,2023-04-11,629137013,2023,4,11
1927,2023-04-12,615200179,2023,4,12
1928,2023-04-13,611791989,2023,4,13
1929,2023-04-14,623812756,2023,4,14
1930,2023-04-15,615567664,2023,4,15
1931,2023-04-16,621163742,2023,4,16
1932,2023-04-17,622974120,2023,4,17
1933,2023-04-18,612659917,2023,4,18
1934,2023-04-19,627294353,2023,4,19
1935,2023-04-20,616842263,2023,4,20
1936,2023-04-21,624085133,2023,4,21
1937,2023-04-22,616769917,2023,4,22
1938,2023-04-23,621769959,2023,4,23
1939,2023-04-24,619082498,2023,4,24
1940,2023-04-25,618726185,2023,4,25
1941,2023-04-26,618796532,2023,4,26
1942,2023-04-27,628391450,2023,4,27
1943,2023-04-28,621054442,2023,4,28
1944,2023-04-29,614148017,2023,4,29
1945,2023-04-30,626342048,2023,4,30
1946,2023-05-01,623267310,2023,5,1
1947,2023-05-02,618807859,2023,5,2
1948,2023-05-03,623841695,2023,5,3
1949,2023-05-04,612415971,2023,5,4
1950,2023-05-05,626878191,2023,5,5
1951,2023-05-06,623742100,2023,5,6
1952,2023-05-07,614123733,2023,5,7
1953,2023-05-08,614447666,2023,5,8
1954,2023-05-09,625589734,2023,5,9
1955,2023-05-10,620375912,2023,5,10
1956,2023-05-11,624137641,2023,5,11
1957,2023-05-12,623670982,2023,5,12
1958,2023-05-13,627735842,2023,5,13
1959,2023-05-14,624837572,2023,5,14
1960,2023-05-15,634712914,2023,5,15
1961,2023-05-16,625338010,2023,5,16
1962,2023-05-17,625494373,2023,5,17
1963,2023-05-18,611274168,2023,5,18
1964,2023-05-19,618101085,2023,5,19
1965,2023-05-20,619683068,2023,5,20
1966,2023-05-21,612305357,2023,5,21
1967,2023-05-22,615325956,2023,5,22
1968,2023-05-23,627741595,2023,5,23
1969,2023-05-24,629083920,2023,5,24
1970,2023-05-25,632034706,2023,5,25
1971,2023-05-26,626925811,2023,5,26
1972,2023-05-27,629631403,2023,5,27
1973,2023-05-28,621318110,2023,5,28
1974,2023-05-29,621050299,2023,5,29
1975,2023-05-30,620906375,2023,5,30
1976,2023-05-31,624711614,2023,5,31
1977,2023-06-01,625197007,2023,6,1
1978,2023-06-02,621051233,2023,6,2
1979,2023-06-03,618379770,2023,6,3
1980,2023-06-04,624028713,2023,6,4
1981,2023-06-05,622082834,2023,6,5
1982,2023-06-06,629476998,2023,6,6
1983,2023-06-07,627374659,2023,6,7
1984,2023-06-08,615948569,2023,6,8
1985,2023-06-09,626871559,2023,6,9
1986,2023-06-10,621569477,2023,6,10
1987,2023-06-11,640695382,2023,6,11
1988,2023-06-12,629018610,2023,6,12
1989,2023-06-13,624510609,2023,6,13
1990,2023-06-14,631731322,2023,6,14
1991,2023-06-15,627814761,2023,6,15
1992,2023-06-16,622831016,2023,6,16
1993,2023-06-17,629760401,2023,6,17
1994,2023-06-18,617022123,2023,6,18
1995,2023-06-19,621165126,2023,6,19
1996,2023-06-20,619140686,2023,6,20
1997,2023-06-21,621393825,2023,6,21
1998,2023-06-22,623394864,2023,6,22
1999,2023-06-23,629398088,2023,6,23
2000,2023-06-24,633823250,2023,6,24
2001,2023-06-25,622714076,2023,6,25
2002,2023-06-26,622287109,2023,6,26
2003,2023-06-27,635949906,2023,6,27
2004,2023-06-28,627908169,2023,6,28
2005,2023-06-29,624242512,2023,6,29
2006,2023-06-30,622327770,2023,6,30
2007,2023-07-01,614565178,2023,7,1
2008,2023-07-02,626523053,2023,7,2
2009,2023-07-03,637604531,2023,7,3
2010,2023-07-04,629163920,2023,7,4
2011,2023-07-05,622755185,2023,7,5
2012,2023-07-06,625632118,2023,7,6
2013,2023-07-07,635405786,2023,7,7
2014,2023-07-08,627875144,2023,7,8
2015,2023-07-09,635649649,2023,7,9
2016,2023-07-10,629862778,2023,7,10
2017,2023-07-11,624257318,2023,7,11
2018,2023-07-12,635266658,2023,7,12
2019,2023-07-13,640286588,2023,7,13
2020,2023-07-14,628501040,2023,7,14
2021,2023-07-15,631167883,2023,7,15
2022,2023-07-16,628002141,2023,7,16
2023,2023-07-17,634020581,2023,7,17
2024,2023-07-18,620071205,2023,7,18
2025,2023-07-19,633113473,2023,7,19
2026,2023-07-20,630934659,2023,7,20
2027,2023-07-21,629874150,2023,7,21
2028,2023-07-22,626722478,2023,7,22
2029,2023-07-23,627837470,2023,7,23
2030,2023-07-24,621175952,2023,7,24
2031,2023-07-25,634274356,2023,7,25
2032,2023-07-26,632047977,2023,7,26
2033,2023-07-27,637285217,2023,7,27
2034,2023-07-28,628301864,2023,7,28
2035,2023-07-29,637981226,2023,7,29
2036,2023-07-30,631891104,2023,7,30
2037,2023-07-31,624316093,2023,7,31
2038,2023-08-01,627239336,2023,8,1
2039,2023-08-02,636923108,2023,8,2
2040,2023-08-03,628727298,2023,8,3
2041,2023-08-04,625243960,2023,8,4
2042,2023-08-05,626247544,2023,8,5
2043,2023-08-06,631740408,2023,8,6
2044,2023-08-07,629155363,2023,8,7
2045,2023-08-08,622175700,2023,8,8
2046,2023-08-09,626220249,2023,8,9
2047,2023-08-10,635318854,2023,8,10
2048,2023-08-11,623201251,2023,8,11
2049,2023-08-12,643528941,2023,8,12
2050,2023-08-13,631881070,2023,8,13
2051,2023-08-14,626500711,2023,8,14
2052,2023-08-15,640599121,2023,8,15
2053,2023-08-16,632859476,2023,8,16
2054,2023-08-17,636438819,2023,8,17
2055,2023-08-18,633930051,2023,8,18
2056,2023-08-19,634030401,2023,8,19
2057,2023-08-20,621621522,2023,8,20
2058,2023-08-21,636621312,2023,8,21
2059,2023-08-22,640183134,2023,8,22
2060,2023-08-23,633404723,2023,8,23
2061,2023-08-24,638056771,2023,8,24
2062,2023-08-25,625275704,2023,8,25
2063,2023-08-26,637311280,2023,8,26
2064,2023-08-27,626365233,2023,8,27
2065,2023-08-28,634871476,2023,8,28
2066,2023-08-29,631344540,2023,8,29
2067,2023-08-30,633743743,2023,8,30
2068,2023-08-31,628721326,2023,8,31
2069,2023-09-01,643758190,2023,9,1
2070,2023-09-02,635701681,2023,9,2
2071,2023-09-03,630197605,2023,9,3
2072,2023-09-04,634473248,2023,9,4
2073,2023-09-05,634587102,2023,9,5
2074,2023-09-06,629648240,2023,9,6
2075,2023-09-07,635556062,2023,9,7
2076,2023-09-08,642917540,2023,9,8
2077,2023-09-09,630045004,2023,9,9
2078,2023-09-10,632966938,2023,9,10
2079,2023-09-11,634875106,2023,9,11
2080,2023-09-12,635947119,2023,9,12
2081,2023-09-13,631495400,2023,9,13
2082,2023-09-14,635121663,2023,9,14
2083,2023-09-15,645711970,2023,9,15
2084,2023-09-16,643777205,2023,9,16
2085,2023-09-17,638225800,2023,9,17
2086,2023-09-18,639693180,2023,9,18
2087,2023-09-19,635457698,2023,9,19
2088,2023-09-20,636904384,2023,9,20
2089,2023-09-21,637237437,2023,9,21
2090,2023-09-22,639047753,2023,9,22
2091,2023-09-23,631517525,2023,9,23
2092,2023-09-24,627151253,2023,9,24
2093,2023-09-25,633708238,2023,9,25
2094,2023-09-26,640501766,2023,9,26
2095,2023-09-27,641904936,2023,9,27
2096,2023-09-28,640218195,2023,9,28
2097,2023-09-29,636078665,2023,9,29
2098,2023-09-30,641564784,2023,9,30
2099,2023-10-01,637319262,2023,10,1
2100,2023-10-02,641622317,2023,10,2
2101,2023-10-03,645822801,2023,10,3
2102,2023-10-04,643640884,2023,10,4
2103,2023-10-05,643927594,2023,10,5
2104,2023-10-06,630542216,2023,10,6
2105,2023-10-07,632489137,2023,10,7
2106,2023-10-08,633922346,2023,10,8
2107,2023-10-09,638820461,2023,10,9
2108,2023-10-10,644909544,2023,10,10
2109,2023-10-11,641820067,2023,10,11
2110,2023-10-12,641050813,2023,10,12
2111,2023-10-13,632971369,2023,10,13
2112,2023-10-14,633565655,2023,10,14
2113,2023-10-15,646822490,2023,10,15
2114,2023-10-16,642943226,2023,10,16
2115,2023-10-17,643749022,2023,10,17
2116,2023-10-18,640468590,2023,10,18
2117,2023-10-19,631727320,2023,10,19
2118,2023-10-20,642500695,2023,10,20
2119,2023-10-21,636956251,2023,10,21
2120,2023-10-22,642191038,2023,10,22
2121,2023-10-23,633160261,2023,10,23
2122,2023-10-24,637317072,2023,10,24
2123,2023-10-25,631629056,2023,10,25
2124,2023-10-26,638941705,2023,10,26
2125,2023-10-27,646437973,2023,10,27
2126,2023-10-28,639139517,2023,10,28
2127,2023-10-29,641385014,2023,10,29
2128,2023-10-30,639724682,2023,10,30
2129,2023-10-31,639422602,2023,10,31
2130,2023-11-01,641974814,2023,11,1
2131,2023-11-02,645262937,2023,11,2
2132,2023-11-03,639143354,2023,11,3
2133,2023-11-04,637800097,2023,11,4
2134,2023-11-05,640712654,2023,11,5
2135,2023-11-06,635573620,2023,11,6
2136,2023-11-07,639885862,2023,11,7
2137,2023-11-08,640843289,2023,11,8
2138,2023-11-09,647000000,2023,11,9
2139,2023-11-10,634778032,2023,11,10
2140,2023-11-11,646355970,2023,11,11
2141,2023-11-12,635676471,2023,11,12
2142,2023-11-13,643491971,2023,11,13
2143,2023-11-14,647000000,2023,11,14
2144,2023-11-15,638741425,2023,11,15
2145,2023-11-16,636158141,2023,11,16
2146,2023-11-17,642299249,2023,11,17
2147,2023-11-18,633741781,2023,11,18
2148,2023-11-19,647000000,2023,11,19
2149,2023-11-20,647000000,2023,11,20
2150,2023-11-21,647000000,2023,11,21
2151,2023-11-22,635685722,2023,11,22
2152,2023-11-23,640905313,2023,11,23
2153,2023-11-24,641678583,2023,11,24
2154,2023-11-25,644851733,2023,11,25
2155,2023-11-26,643856027,2023,11,26
2156,2023-11-27,643588648,2023,11,27
2157,2023-11-28,641469109,2023,11,28
2158,2023-11-29,641105619,2023,11,29
2159,2023-11-30,647000000,2023,11,30
2160,2023-12-01,647000000,2023,12,1
2161,2023-12-02,641392978,2023,12,2
2162,2023-12-03,646862374,2023,12,3
2163,2023-12-04,647000000,2023,12,4
2164,2023-12-05,639877374,2023,12,5
2165,2023-12-06,639160230,2023,12,6
2166,2023-12-07,637324468,2023,12,7
2167,2023-12-08,642370380,2023,12,8
2168,2023-12-09,645220884,2023,12,9
2169,2023-12-10,641529297,2023,12,10
2170,2023-12-11,647000000,2023,12,11
2171,2023-12-12,644190207,2023,12,12
2172,2023-12-13,647000000,2023,12,13
2173,2023-12-14,647000000,2023,12,14
2174,2023-12-15,637904076,2023,12,15
2175,2023-12-16,637092756,2023,12,16
2176,2023-12-17,643587747,2023,12,17
2177,2023-12-18,647000000,2023,12,18
2178,2023-12-19,645455804,2023,12,19
2179,2023-12-20,647000000,2023,12,20
2180,2023-12-21,642587707,2023,12,21
2181,2023-12-22,643033538,2023,12,22
2182,2023-12-23,643826363,2023,12,23
2183,2023-12-24,647000000,2023,12,24
2184,2023-12-25,647000000,2023,12,25
2185,2023-12-26,642444118,2023,12,26
2186,2023-12-27,645995805,2023,12,27
2187,2023-12-28,647000000,2023,12,28
2188,2023-12-29,639362919,2023,12,29
2189,2023-12-30,647000000,2023,12,30
2190,2023-12-31,647000000,2023,12,31
