Date,Active Online Users
2018-01-01,412000000
2018-01-02,413653325
2018-01-03,412789947
2018-01-04,413882307
2018-01-05,412000000
2018-01-06,417550706
2018-01-07,413294754
2018-01-08,412859178
2018-01-09,415584423
2018-01-10,412000000
2018-01-11,412000000
2018-01-12,412000000
2018-01-13,414798495
2018-01-14,412000000
2018-01-15,415143433
2018-01-16,416503880
2018-01-17,415701085
2018-01-18,413779597
2018-01-19,413423380
2018-01-20,414632463
2018-01-21,414319125
2018-01-22,415728192
2018-01-23,420526774
2018-01-24,422931767
2018-01-25,418584413
2018-01-26,415243204
2018-01-27,415076816
2018-01-28,412000000
2018-01-29,412000000
2018-01-30,417612886
2018-01-31,412000000
2018-02-01,412000000
2018-02-02,412000000
2018-02-03,413663015
2018-02-04,422184094
2018-02-05,415578263
2018-02-06,416858912
2018-02-07,412000000
2018-02-08,416125115
2018-02-09,413661590
2018-02-10,412000000
2018-02-11,420287579
2018-02-12,414348233
2018-02-13,412000000
2018-02-14,422090410
2018-02-15,413836776
2018-02-16,414729638
2018-02-17,412132902
2018-02-18,423360221
2018-02-19,422756412
2018-02-20,420647061
2018-02-21,414877165
2018-02-22,421928188
2018-02-23,412000000
2018-02-24,413734059
2018-02-25,423807010
2018-02-26,422685373
2018-02-27,415523127
2018-02-28,412643428
2018-03-01,424486187
2018-03-02,417600367
2018-03-03,413007086
2018-03-04,421644265
2018-03-05,412000000
2018-03-06,423076526
2018-03-07,412000000
2018-03-08,425912275
2018-03-09,421745982
2018-03-10,424403132
2018-03-11,412000000
2018-03-12,423156366
2018-03-13,421052450
2018-03-14,424580968
2018-03-15,421233403
2018-03-16,414427409
2018-03-17,413878753
2018-03-18,417244994
2018-03-19,418446293
2018-03-20,416454931
2018-03-21,412515191
2018-03-22,438456730
2018-03-23,413862146
2018-03-24,422475040
2018-03-25,416055882
2018-03-26,415687224
2018-03-27,426975506
2018-03-28,419806798
2018-03-29,423637698
2018-03-30,427878629
2018-03-31,428616325
2018-04-01,430408480
2018-04-02,420273985
2018-04-03,423189573
2018-04-04,420191428
2018-04-05,420761825
2018-04-06,427389740
2018-04-07,424579904
2018-04-08,430605576
2018-04-09,424125607
2018-04-10,431032060
2018-04-11,414365979
2018-04-12,422409836
2018-04-13,414554401
2018-04-14,435494072
2018-04-15,439449378
2018-04-16,422737371
2018-04-17,419735585
2018-04-18,417190977
2018-04-19,424113502
2018-04-20,431568205
2018-04-21,428043288
2018-04-22,421661131
2018-04-23,422125213
2018-04-24,429348176
2018-04-25,420372182
2018-04-26,419284948
2018-04-27,424536975
2018-04-28,426647495
2018-04-29,420349551
2018-04-30,425881017
2018-05-01,430574354
2018-05-02,414635844
2018-05-03,418694186
2018-05-04,424972233
2018-05-05,422707657
2018-05-06,427434449
2018-05-07,424199710
2018-05-08,423983056
2018-05-09,427052311
2018-05-10,425250151
2018-05-11,418371449
2018-05-12,432981342
2018-05-13,428093638
2018-05-14,429951329
2018-05-15,426362381
2018-05-16,432969805
2018-05-17,423151361
2018-05-18,431004451
2018-05-19,423595441
2018-05-20,432230035
2018-05-21,442522613
2018-05-22,430787518
2018-05-23,424908790
2018-05-24,426752387
2018-05-25,427014367
2018-05-26,426143968
2018-05-27,431029838
2018-05-28,430288820
2018-05-29,432265762
2018-05-30,428945210
2018-05-31,430564004
2018-06-01,429618072
2018-06-02,424319477
2018-06-03,421641014
2018-06-04,430534057
2018-06-05,426415780
2018-06-06,435116090
2018-06-07,433318519
2018-06-08,421751733
2018-06-09,427939079
2018-06-10,429995250
2018-06-11,429169060
2018-06-12,427817451
2018-06-13,431508314
2018-06-14,430984856
2018-06-15,427859240
2018-06-16,422864259
2018-06-17,431077099
2018-06-18,439157257
2018-06-19,432170295
2018-06-20,437370391
2018-06-21,437591051
2018-06-22,430774104
2018-06-23,424955592
2018-06-24,426237536
2018-06-25,424773816
2018-06-26,437341426
2018-06-27,426781865
2018-06-28,423153596
2018-06-29,429314353
2018-06-30,428734082
2018-07-01,434650724
2018-07-02,431681517
2018-07-03,423797560
2018-07-04,423951469
2018-07-05,422414221
2018-07-06,438436255
2018-07-07,432733347
2018-07-08,426138752
2018-07-09,429514049
2018-07-10,425213114
2018-07-11,430682752
2018-07-12,445419356
2018-07-13,421508009
2018-07-14,430905343
2018-07-15,428676177
2018-07-16,437207571
2018-07-17,430090179
2018-07-18,434672236
2018-07-19,425799368
2018-07-20,432304019
2018-07-21,433663516
2018-07-22,431440073
2018-07-23,433283445
2018-07-24,430455202
2018-07-25,425244845
2018-07-26,432633834
2018-07-27,441179544
2018-07-28,429001229
2018-07-29,434058152
2018-07-30,434135206
2018-07-31,427656880
2018-08-01,442594221
2018-08-02,433570878
2018-08-03,432781050
2018-08-04,430058649
2018-08-05,433002761
2018-08-06,431126829
2018-08-07,439610929
2018-08-08,428860171
2018-08-09,434157611
2018-08-10,440694453
2018-08-11,431594649
2018-08-12,428508862
2018-08-13,436656715
2018-08-14,432985349
2018-08-15,435789667
2018-08-16,440294200
2018-08-17,436330591
2018-08-18,431710597
2018-08-19,444425212
2018-08-20,438720364
2018-08-21,438782551
2018-08-22,447465998
2018-08-23,433959494
2018-08-24,434719159
2018-08-25,440935612
2018-08-26,445471212
2018-08-27,432289339
2018-08-28,428740255
2018-08-29,439889790
2018-08-30,431181347
2018-08-31,444266810
2018-09-01,439166196
2018-09-02,441941772
2018-09-03,444510915
2018-09-04,438772484
2018-09-05,430164059
2018-09-06,438361689
2018-09-07,432141171
2018-09-08,447105621
2018-09-09,442290337
2018-09-10,434030330
2018-09-11,439459343
2018-09-12,440417946
2018-09-13,436102347
2018-09-14,436672778
2018-09-15,443653212
2018-09-16,433192747
2018-09-17,446081521
2018-09-18,445510215
2018-09-19,444748771
2018-09-20,440738242
2018-09-21,438954465
2018-09-22,436431502
2018-09-23,452764586
2018-09-24,431783350
2018-09-25,434469179
2018-09-26,442348265
2018-09-27,439186096
2018-09-28,446846371
2018-09-29,444100103
2018-09-30,437912115
2018-10-01,443668070
2018-10-02,439781162
2018-10-03,439575163
2018-10-04,440948260
2018-10-05,448912662
2018-10-06,441217463
2018-10-07,443820298
2018-10-08,434222123
2018-10-09,440529801
2018-10-10,438459660
2018-10-11,439614114
2018-10-12,441524485
2018-10-13,440331585
2018-10-14,437570336
2018-10-15,445009608
2018-10-16,441554429
2018-10-17,443707758
2018-10-18,449386372
2018-10-19,450594748
2018-10-20,446163922
2018-10-21,446032243
2018-10-22,445164612
2018-10-23,443364567
2018-10-24,437904458
2018-10-25,436769175
2018-10-26,450010804
2018-10-27,442570087
2018-10-28,441546018
2018-10-29,436647133
2018-10-30,436116461
2018-10-31,433432283
2018-11-01,444166268
2018-11-02,441722470
2018-11-03,446481427
2018-11-04,448273653
2018-11-05,444365067
2018-11-06,446236239
2018-11-07,446611547
2018-11-08,448168653
2018-11-09,449596544
2018-11-10,441760498
2018-11-11,448553492
2018-11-12,443481923
2018-11-13,445289162
2018-11-14,443292206
2018-11-15,442481556
2018-11-16,450053803
2018-11-17,443434359
2018-11-18,452119485
2018-11-19,433459679
2018-11-20,446813903
2018-11-21,443124858
2018-11-22,437217046
2018-11-23,452766045
2018-11-24,455405102
2018-11-25,442183752
2018-11-26,447816921
2018-11-27,435157080
2018-11-28,448479505
2018-11-29,450415508
2018-11-30,444079933
2018-12-01,447289134
2018-12-02,446797838
2018-12-03,448003655
2018-12-04,449963749
2018-12-05,444756827
2018-12-06,438909292
2018-12-07,443617883
2018-12-08,451032294
2018-12-09,452275537
2018-12-10,450092479
2018-12-11,448376426
2018-12-12,443003223
2018-12-13,455338782
2018-12-14,454896908
2018-12-15,454203486
2018-12-16,442695552
2018-12-17,455146566
2018-12-18,441192610
2018-12-19,442045553
2018-12-20,447658838
2018-12-21,449981844
2018-12-22,445027824
2018-12-23,456688807
2018-12-24,449046070
2018-12-25,449512996
2018-12-26,450349109
2018-12-27,449831121
2018-12-28,448513072
2018-12-29,441095047
2018-12-30,450661167
2018-12-31,448655617
2019-01-01,452262812
2019-01-02,450816570
2019-01-03,448696640
2019-01-04,451520592
2019-01-05,453899546
2019-01-06,461223383
2019-01-07,452863347
2019-01-08,462903155
2019-01-09,448911903
2019-01-10,450069180
2019-01-11,460383668
2019-01-12,454545574
2019-01-13,448201534
2019-01-14,454482542
2019-01-15,457718967
2019-01-16,457816056
2019-01-17,457130082
2019-01-18,456835802
2019-01-19,458624575
2019-01-20,458478401
2019-01-21,455393560
2019-01-22,459960888
2019-01-23,454900301
2019-01-24,455162583
2019-01-25,453063681
2019-01-26,455677259
2019-01-27,455096500
2019-01-28,456178492
2019-01-29,446616853
2019-01-30,454872305
2019-01-31,454897738
2019-02-01,455396882
2019-02-02,449342682
2019-02-03,454855266
2019-02-04,459583376
2019-02-05,452087109
2019-02-06,460363300
2019-02-07,458988879
2019-02-08,452261573
2019-02-09,455602037
2019-02-10,459041081
2019-02-11,448927603
2019-02-12,445727303
2019-02-13,465473996
2019-02-14,454978424
2019-02-15,447377450
2019-02-16,451674742
2019-02-17,456318659
2019-02-18,455180040
2019-02-19,446030855
2019-02-20,456944026
2019-02-21,458051776
2019-02-22,449078931
2019-02-23,455820116
2019-02-24,458288145
2019-02-25,454474966
2019-02-26,464899853
2019-02-27,452613676
2019-02-28,455483677
2019-03-01,462809795
2019-03-02,461568395
2019-03-03,449620313
2019-03-04,450323608
2019-03-05,453244120
2019-03-06,452834605
2019-03-07,465832558
2019-03-08,446581025
2019-03-09,454692087
2019-03-10,457227711
2019-03-11,459328003
2019-03-12,460467565
2019-03-13,454929386
2019-03-14,459006645
2019-03-15,455963310
2019-03-16,455194181
2019-03-17,468830380
2019-03-18,458222110
2019-03-19,463300705
2019-03-20,460585676
2019-03-21,454937939
2019-03-22,449442798
2019-03-23,457113991
2019-03-24,452863385
2019-03-25,456107454
2019-03-26,466038717
2019-03-27,449154513
2019-03-28,453795120
2019-03-29,456541546
2019-03-30,462073303
2019-03-31,462585714
2019-04-01,454576190
2019-04-02,463636920
2019-04-03,458981189
2019-04-04,464669187
2019-04-05,464961547
2019-04-06,461351755
2019-04-07,462958001
2019-04-08,461506424
2019-04-09,451567791
2019-04-10,463916390
2019-04-11,461987959
2019-04-12,450264458
2019-04-13,455278229
2019-04-14,459580501
2019-04-15,465338162
2019-04-16,461079675
2019-04-17,466500085
2019-04-18,469594817
2019-04-19,457306307
2019-04-20,460327678
2019-04-21,460378793
2019-04-22,464425011
2019-04-23,461692644
2019-04-24,459376113
2019-04-25,468972032
2019-04-26,455143155
2019-04-27,468886566
2019-04-28,466475220
2019-04-29,464859725
2019-04-30,473336027
2019-05-01,464485703
2019-05-02,462410845
2019-05-03,465048135
2019-05-04,456083336
2019-05-05,464931964
2019-05-06,457666858
2019-05-07,471351958
2019-05-08,467914271
2019-05-09,462077800
2019-05-10,465726596
2019-05-11,470204770
2019-05-12,456050236
2019-05-13,467218280
2019-05-14,466023228
2019-05-15,455599471
2019-05-16,458985479
2019-05-17,465575829
2019-05-18,466543376
2019-05-19,473542875
2019-05-20,468277000
2019-05-21,471427792
2019-05-22,478556257
2019-05-23,457718099
2019-05-24,462593360
2019-05-25,465891298
2019-05-26,464051900
2019-05-27,470084378
2019-05-28,465144765
2019-05-29,462254647
2019-05-30,473071999
2019-05-31,462417310
2019-06-01,461328736
2019-06-02,455014947
2019-06-03,468743582
2019-06-04,465370497
2019-06-05,461932990
2019-06-06,465673710
2019-06-07,465369909
2019-06-08,470337213
2019-06-09,469724110
2019-06-10,467500478
2019-06-11,464905143
2019-06-12,472987445
2019-06-13,463199243
2019-06-14,470320119
2019-06-15,471528246
2019-06-16,470903622
2019-06-17,466803078
2019-06-18,470189501
2019-06-19,470640390
2019-06-20,472481744
2019-06-21,464717986
2019-06-22,464712375
2019-06-23,475775405
2019-06-24,475112719
2019-06-25,472709422
2019-06-26,468803258
2019-06-27,465054894
2019-06-28,476888923
2019-06-29,471972529
2019-06-30,470908233
2019-07-01,464718062
2019-07-02,474977438
2019-07-03,475947856
2019-07-04,469510617
2019-07-05,476113425
2019-07-06,476788366
2019-07-07,466505590
2019-07-08,473052926
2019-07-09,477042612
2019-07-10,469216395
2019-07-11,474226195
2019-07-12,475451969
2019-07-13,470225087
2019-07-14,461461844
2019-07-15,472668195
2019-07-16,469652663
2019-07-17,469304822
2019-07-18,468946559
2019-07-19,471548022
2019-07-20,461411509
2019-07-21,469068769
2019-07-22,474215389
2019-07-23,475110861
2019-07-24,470848999
2019-07-25,465547726
2019-07-26,469777508
2019-07-27,467638331
2019-07-28,474302866
2019-07-29,478032571
2019-07-30,463442044
2019-07-31,474204442
2019-08-01,474900760
2019-08-02,471054944
2019-08-03,471982116
2019-08-04,485988833
2019-08-05,474068621
2019-08-06,476572881
2019-08-07,478978165
2019-08-08,471480909
2019-08-09,465467852
2019-08-10,472440377
2019-08-11,470560134
2019-08-12,465018344
2019-08-13,471137572
2019-08-14,477480771
2019-08-15,472340266
2019-08-16,475959462
2019-08-17,471354137
2019-08-18,480989617
2019-08-19,478951830
2019-08-20,470111085
2019-08-21,470855400
2019-08-22,479102935
2019-08-23,473094347
2019-08-24,487640808
2019-08-25,475920306
2019-08-26,471434851
2019-08-27,483458281
2019-08-28,472561908
2019-08-29,479526858
2019-08-30,472213412
2019-08-31,477145249
2019-09-01,476099008
2019-09-02,486206325
2019-09-03,475490630
2019-09-04,480962103
2019-09-05,477167043
2019-09-06,478472033
2019-09-07,474312898
2019-09-08,483791579
2019-09-09,477758619
2019-09-10,479253499
2019-09-11,477743354
2019-09-12,485053358
2019-09-13,480896051
2019-09-14,479281507
2019-09-15,482337565
2019-09-16,473913955
2019-09-17,473061890
2019-09-18,476810063
2019-09-19,470869082
2019-09-20,476176573
2019-09-21,471488807
2019-09-22,474225486
2019-09-23,480757888
2019-09-24,484754353
2019-09-25,485295528
2019-09-26,482189160
2019-09-27,474068550
2019-09-28,472941280
2019-09-29,482776363
2019-09-30,477837642
2019-10-01,483443539
2019-10-02,479163924
2019-10-03,476967328
2019-10-04,479790086
2019-10-05,479861848
2019-10-06,487484044
2019-10-07,486431399
2019-10-08,474207796
2019-10-09,476417521
2019-10-10,488827747
2019-10-11,479272128
2019-10-12,478411725
2019-10-13,487601779
2019-10-14,476018977
2019-10-15,475833716
2019-10-16,485871089
2019-10-17,474108284
2019-10-18,478800184
2019-10-19,484614508
2019-10-20,486114609
2019-10-21,475467053
2019-10-22,481516931
2019-10-23,484587032
2019-10-24,480802788
2019-10-25,486136242
2019-10-26,486744512
2019-10-27,485646127
2019-10-28,487807258
2019-10-29,484150671
2019-10-30,485099357
2019-10-31,480025864
2019-11-01,482869306
2019-11-02,484435101
2019-11-03,484227408
2019-11-04,482656148
2019-11-05,493683004
2019-11-06,491496328
2019-11-07,485964638
2019-11-08,482051371
2019-11-09,483373002
2019-11-10,492493885
2019-11-11,485329647
2019-11-12,486106016
2019-11-13,488877563
2019-11-14,483046328
2019-11-15,487544838
2019-11-16,478782490
2019-11-17,486803842
2019-11-18,497492452
2019-11-19,486221568
2019-11-20,484285513
2019-11-21,491976839
2019-11-22,498258881
2019-11-23,487799707
2019-11-24,482146855
2019-11-25,487789960
2019-11-26,487612859
2019-11-27,487389779
2019-11-28,479613684
2019-11-29,482794326
2019-11-30,482762896
2019-12-01,483377460
2019-12-02,481862140
2019-12-03,482617534
2019-12-04,484314055
2019-12-05,489269480
2019-12-06,493312921
2019-12-07,492155821
2019-12-08,495705181
2019-12-09,490497033
2019-12-10,482595394
2019-12-11,493602120
2019-12-12,491542673
2019-12-13,488939190
2019-12-14,485449401
2019-12-15,491182783
2019-12-16,489097843
2019-12-17,480077519
2019-12-18,487417834
2019-12-19,490025934
2019-12-20,492445605
2019-12-21,490645797
2019-12-22,490642740
2019-12-23,479660219
2019-12-24,485284561
2019-12-25,493733698
2019-12-26,489508982
2019-12-27,494002960
2019-12-28,491636353
2019-12-29,493040448
2019-12-30,486055966
2019-12-31,486987599
2020-01-01,505295589
2020-01-02,503466058
2020-01-03,487819302
2020-01-04,483330613
2020-01-05,491387242
2020-01-06,484886653
2020-01-07,491003384
2020-01-08,494554321
2020-01-09,491522197
2020-01-10,492212764
2020-01-11,504145493
2020-01-12,497632473
2020-01-13,491133436
2020-01-14,496346918
2020-01-15,488807618
2020-01-16,501408735
2020-01-17,490757109
2020-01-18,489221993
2020-01-19,489861145
2020-01-20,489683176
2020-01-21,497104576
2020-01-22,490348655
2020-01-23,495429120
2020-01-24,490694928
2020-01-25,503773616
2020-01-26,491268922
2020-01-27,494741547
2020-01-28,494910209
2020-01-29,491902819
2020-01-30,494522685
2020-01-31,489422791
2020-02-01,493254441
2020-02-02,492900022
2020-02-03,500755408
2020-02-04,493466056
2020-02-05,495992267
2020-02-06,496986046
2020-02-07,498707884
2020-02-08,492122179
2020-02-09,487556008
2020-02-10,501627835
2020-02-11,501453644
2020-02-12,488039911
2020-02-13,498770307
2020-02-14,489110618
2020-02-15,500908564
2020-02-16,492951620
2020-02-17,502139096
2020-02-18,502809354
2020-02-19,494795428
2020-02-20,490416096
2020-02-21,495287918
2020-02-22,489456975
2020-02-23,497755079
2020-02-24,491949913
2020-02-25,496531646
2020-02-26,503883007
2020-02-27,500871875
2020-02-28,501224910
2020-02-29,486052638
2020-03-01,498710985
2020-03-02,493688534
2020-03-03,492177656
2020-03-04,490030233
2020-03-05,492406863
2020-03-06,502132903
2020-03-07,498346707
2020-03-08,492522560
2020-03-09,499327809
2020-03-10,491682640
2020-03-11,509887842
2020-03-12,492065665
2020-03-13,499129040
2020-03-14,496320592
2020-03-15,492179871
2020-03-16,499814649
2020-03-17,493063197
2020-03-18,501379326
2020-03-19,495283063
2020-03-20,495222225
2020-03-21,501871779
2020-03-22,499238810
2020-03-23,492917527
2020-03-24,492693607
2020-03-25,498833832
2020-03-26,505215053
2020-03-27,509095104
2020-03-28,496778586
2020-03-29,503495764
2020-03-30,505077070
2020-03-31,490409617
2020-04-01,498156253
2020-04-02,502909835
2020-04-03,501816916
2020-04-04,501038086
2020-04-05,497487555
2020-04-06,503474060
2020-04-07,497760373
2020-04-08,509495348
2020-04-09,502721041
2020-04-10,505699960
2020-04-11,500197949
2020-04-12,499330780
2020-04-13,500643526
2020-04-14,501975724
2020-04-15,511544583
2020-04-16,491316144
2020-04-17,498206414
2020-04-18,504092650
2020-04-19,509450265
2020-04-20,510052933
2020-04-21,501293679
2020-04-22,499289859
2020-04-23,505279289
2020-04-24,498203994
2020-04-25,517143982
2020-04-26,517615922
2020-04-27,496293914
2020-04-28,508102698
2020-04-29,515747559
2020-04-30,499312330
2020-05-01,500156402
2020-05-02,502654658
2020-05-03,508122783
2020-05-04,504723597
2020-05-05,494214835
2020-05-06,508704760
2020-05-07,506949623
2020-05-08,516350840
2020-05-09,512924038
2020-05-10,499713105
2020-05-11,500885969
2020-05-12,507794435
2020-05-13,507510959
2020-05-14,503383134
2020-05-15,504856371
2020-05-16,505876621
2020-05-17,513023894
2020-05-18,514525624
2020-05-19,511139782
2020-05-20,504317530
2020-05-21,507482449
2020-05-22,502927039
2020-05-23,502795987
2020-05-24,502477090
2020-05-25,499281712
2020-05-26,505354554
2020-05-27,503370948
2020-05-28,505967403
2020-05-29,510079743
2020-05-30,513075942
2020-05-31,513409832
2020-06-01,501187425
2020-06-02,498525248
2020-06-03,502700093
2020-06-04,500251922
2020-06-05,514653461
2020-06-06,509302628
2020-06-07,505949315
2020-06-08,501296781
2020-06-09,502802523
2020-06-10,497261885
2020-06-11,497130622
2020-06-12,502270913
2020-06-13,507284092
2020-06-14,501337733
2020-06-15,494554353
2020-06-16,508607053
2020-06-17,503415108
2020-06-18,510950991
2020-06-19,514965428
2020-06-20,515133608
2020-06-21,510099994
2020-06-22,517163811
2020-06-23,499668163
2020-06-24,510537718
2020-06-25,508433778
2020-06-26,510882735
2020-06-27,500937018
2020-06-28,514335291
2020-06-29,512986448
2020-06-30,507405267
2020-07-01,497076437
2020-07-02,512862766
2020-07-03,508116280
2020-07-04,518985082
2020-07-05,511545962
2020-07-06,497330344
2020-07-07,505413473
2020-07-08,508107545
2020-07-09,510643953
2020-07-10,507464909
2020-07-11,509776029
2020-07-12,513268128
2020-07-13,516262903
2020-07-14,508690065
2020-07-15,503499972
2020-07-16,514748968
2020-07-17,511409692
2020-07-18,513599626
2020-07-19,516858808
2020-07-20,511410189
2020-07-21,510396903
2020-07-22,508432185
2020-07-23,511384819
2020-07-24,504377569
2020-07-25,519425894
2020-07-26,511489589
2020-07-27,508968833
2020-07-28,501023187
2020-07-29,514459876
2020-07-30,511228871
2020-07-31,518785689
2020-08-01,507947944
2020-08-02,509327532
2020-08-03,501377791
2020-08-04,511559614
2020-08-05,514544179
2020-08-06,519567415
2020-08-07,510986254
2020-08-08,515921208
2020-08-09,517571445
2020-08-10,514083237
2020-08-11,518034784
2020-08-12,517370194
2020-08-13,517616375
2020-08-14,519347107
2020-08-15,509910419
2020-08-16,514973692
2020-08-17,506353992
2020-08-18,512721717
2020-08-19,519822374
2020-08-20,509711876
2020-08-21,517464600
2020-08-22,508900603
2020-08-23,526337749
2020-08-24,512196798
2020-08-25,504301845
2020-08-26,509322223
2020-08-27,524915838
2020-08-28,513747136
2020-08-29,516250685
2020-08-30,528074760
2020-08-31,517157542
2020-09-01,515027485
2020-09-02,524582883
2020-09-03,514953369
2020-09-04,517643512
2020-09-05,520302459
2020-09-06,517588355
2020-09-07,509438962
2020-09-08,520331619
2020-09-09,508732408
2020-09-10,512743343
2020-09-11,516071540
2020-09-12,511434039
2020-09-13,515625086
2020-09-14,521790738
2020-09-15,516113186
2020-09-16,515969209
2020-09-17,524471590
2020-09-18,511029465
2020-09-19,512380477
2020-09-20,522744999
2020-09-21,517110147
2020-09-22,512806361
2020-09-23,519003825
2020-09-24,512254207
2020-09-25,523197528
2020-09-26,521488815
2020-09-27,515212636
2020-09-28,515947710
2020-09-29,520579130
2020-09-30,519624093
2020-10-01,520728095
2020-10-02,525262318
2020-10-03,511789128
2020-10-04,525287396
2020-10-05,524841933
2020-10-06,510825195
2020-10-07,520846697
2020-10-08,517439077
2020-10-09,521073543
2020-10-10,520143543
2020-10-11,520015622
2020-10-12,524027271
2020-10-13,524676438
2020-10-14,527490653
2020-10-15,524439122
2020-10-16,523350667
2020-10-17,514634607
2020-10-18,516267598
2020-10-19,505541249
2020-10-20,526499876
2020-10-21,524278676
2020-10-22,526236278
2020-10-23,517585228
2020-10-24,523304723
2020-10-25,527756190
2020-10-26,515663421
2020-10-27,521728538
2020-10-28,523301261
2020-10-29,517229807
2020-10-30,518132181
2020-10-31,530668365
2020-11-01,518069599
2020-11-02,532600042
2020-11-03,529433081
2020-11-04,524593303
2020-11-05,520798852
2020-11-06,522546034
2020-11-07,530562830
2020-11-08,529855187
2020-11-09,516893930
2020-11-10,522828804
2020-11-11,514750059
2020-11-12,523166127
2020-11-13,521316120
2020-11-14,522405852
2020-11-15,518727718
2020-11-16,522149444
2020-11-17,524906900
2020-11-18,525986974
2020-11-19,520858539
2020-11-20,525175591
2020-11-21,525798887
2020-11-22,514099326
2020-11-23,516069720
2020-11-24,525029054
2020-11-25,519341035
2020-11-26,531037434
2020-11-27,526418770
2020-11-28,521454273
2020-11-29,525952922
2020-11-30,521987367
2020-12-01,526358457
2020-12-02,529732313
2020-12-03,529467345
2020-12-04,526723494
2020-12-05,530207153
2020-12-06,526188226
2020-12-07,526284266
2020-12-08,525617118
2020-12-09,519061084
2020-12-10,525582946
2020-12-11,526334123
2020-12-12,521897209
2020-12-13,528512582
2020-12-14,527789389
2020-12-15,528850180
2020-12-16,516865868
2020-12-17,524691287
2020-12-18,527689077
2020-12-19,533569105
2020-12-20,524735372
2020-12-21,525542303
2020-12-22,529983871
2020-12-23,526205996
2020-12-24,524794238
2020-12-25,528883283
2020-12-26,525554581
2020-12-27,531493582
2020-12-28,530280474
2020-12-29,524560842
2020-12-30,523124984
2020-12-31,521777295
2021-01-01,525816630
2021-01-02,531881542
2021-01-03,534025398
2021-01-04,526015461
2021-01-05,539320576
2021-01-06,536431136
2021-01-07,531711307
2021-01-08,534295432
2021-01-09,527614117
2021-01-10,533164753
2021-01-11,528335393
2021-01-12,524203135
2021-01-13,532091045
2021-01-14,534863178
2021-01-15,532206627
2021-01-16,522924951
2021-01-17,523227357
2021-01-18,528958051
2021-01-19,535414741
2021-01-20,539551058
2021-01-21,526787455
2021-01-22,530359200
2021-01-23,528301253
2021-01-24,533737774
2021-01-25,532700153
2021-01-26,532451121
2021-01-27,520805785
2021-01-28,536965294
2021-01-29,537714386
2021-01-30,535623224
2021-01-31,527134098
2021-02-01,535304756
2021-02-02,531814820
2021-02-03,528114829
2021-02-04,531295616
2021-02-05,530577654
2021-02-06,539731774
2021-02-07,539644660
2021-02-08,535947215
2021-02-09,526453746
2021-02-10,528605107
2021-02-11,529324707
2021-02-12,535639321
2021-02-13,528214598
2021-02-14,531267209
2021-02-15,537754432
2021-02-16,539292301
2021-02-17,534399464
2021-02-18,540853588
2021-02-19,525330135
2021-02-20,529784697
2021-02-21,530299096
2021-02-22,532319430
2021-02-23,529967845
2021-02-24,532286162
2021-02-25,521674192
2021-02-26,538607844
2021-02-27,530147785
2021-02-28,532854610
2021-03-01,533923492
2021-03-02,533154743
2021-03-03,531062693
2021-03-04,538562142
2021-03-05,541222710
2021-03-06,534903932
2021-03-07,544836794
2021-03-08,539598089
2021-03-09,535709383
2021-03-10,539905915
2021-03-11,538447514
2021-03-12,535289738
2021-03-13,540142098
2021-03-14,536056940
2021-03-15,536477686
2021-03-16,540037733
2021-03-17,538437034
2021-03-18,533014797
2021-03-19,540705445
2021-03-20,533264024
2021-03-21,538975490
2021-03-22,544778121
2021-03-23,541234413
2021-03-24,539760542
2021-03-25,541982256
2021-03-26,541821876
2021-03-27,546450946
2021-03-28,533163747
2021-03-29,548967477
2021-03-30,534177577
2021-03-31,539635917
2021-04-01,540315805
2021-04-02,536410810
2021-04-03,536022864
2021-04-04,530751551
2021-04-05,546806123
2021-04-06,543737222
2021-04-07,546061053
2021-04-08,531087518
2021-04-09,549113885
2021-04-10,542476118
2021-04-11,546028200
2021-04-12,543300177
2021-04-13,525372140
2021-04-14,544265199
2021-04-15,540292051
2021-04-16,535555939
2021-04-17,541602643
2021-04-18,535921706
2021-04-19,534974083
2021-04-20,549180679
2021-04-21,547778049
2021-04-22,538886686
2021-04-23,545645138
2021-04-24,551569258
2021-04-25,540352997
2021-04-26,543927178
2021-04-27,537048316
2021-04-28,533666012
2021-04-29,541068724
2021-04-30,551683376
2021-05-01,533380670
2021-05-02,543561533
2021-05-03,545543254
2021-05-04,534123412
2021-05-05,539864701
2021-05-06,550561769
2021-05-07,546413987
2021-05-08,539103398
2021-05-09,542369279
2021-05-10,537848660
2021-05-11,546061224
2021-05-12,544442270
2021-05-13,535869835
2021-05-14,537920684
2021-05-15,544829947
2021-05-16,547144768
2021-05-17,538765970
2021-05-18,544270899
2021-05-19,548736661
2021-05-20,553634563
2021-05-21,537036058
2021-05-22,542739397
2021-05-23,546931613
2021-05-24,543810428
2021-05-25,543004820
2021-05-26,538568025
2021-05-27,546947255
2021-05-28,541817594
2021-05-29,546846137
2021-05-30,545549971
2021-05-31,554037577
2021-06-01,547939541
2021-06-02,550123593
2021-06-03,539861272
2021-06-04,553243041
2021-06-05,549887935
2021-06-06,540950145
2021-06-07,553997233
2021-06-08,549060554
2021-06-09,548998067
2021-06-10,543656368
2021-06-11,546275034
2021-06-12,539211022
2021-06-13,543411273
2021-06-14,553002351
2021-06-15,539830073
2021-06-16,546330605
2021-06-17,547319494
2021-06-18,548181078
2021-06-19,547643456
2021-06-20,544624000
2021-06-21,549250840
2021-06-22,550647449
2021-06-23,544777995
2021-06-24,544051640
2021-06-25,542559908
2021-06-26,546791929
2021-06-27,554928662
2021-06-28,557698793
2021-06-29,548716941
2021-06-30,554512096
2021-07-01,540512595
2021-07-02,551457898
2021-07-03,550118437
2021-07-04,545723211
2021-07-05,566391257
2021-07-06,552533973
2021-07-07,554600812
2021-07-08,557546182
2021-07-09,558283888
2021-07-10,547088545
2021-07-11,551224723
2021-07-12,557420067
2021-07-13,543537323
2021-07-14,559544812
2021-07-15,561466423
2021-07-16,553395733
2021-07-17,555173473
2021-07-18,551174681
2021-07-19,552868228
2021-07-20,549740283
2021-07-21,548664745
2021-07-22,549566045
2021-07-23,555881253
2021-07-24,542750785
2021-07-25,541943486
2021-07-26,547538575
2021-07-27,548179280
2021-07-28,555983367
2021-07-29,556674142
2021-07-30,555987261
2021-07-31,547874547
2021-08-01,548560412
2021-08-02,554750713
2021-08-03,559551230
2021-08-04,559850720
2021-08-05,549089122
2021-08-06,550087320
2021-08-07,552363829
2021-08-08,541082728
2021-08-09,553371290
2021-08-10,542591141
2021-08-11,545320591
2021-08-12,556360343
2021-08-13,554562240
2021-08-14,554967963
2021-08-15,559368112
2021-08-16,557389275
2021-08-17,549908959
2021-08-18,559678293
2021-08-19,556183918
2021-08-20,555489089
2021-08-21,551183309
2021-08-22,557506888
2021-08-23,551936112
2021-08-24,555844750
2021-08-25,560261600
2021-08-26,562447077
2021-08-27,555766678
2021-08-28,549919715
2021-08-29,552238478
2021-08-30,560490010
2021-08-31,560724308
2021-09-01,547072285
2021-09-02,549790572
2021-09-03,560571131
2021-09-04,554321480
2021-09-05,563994062
2021-09-06,553642859
2021-09-07,563520757
2021-09-08,555012424
2021-09-09,550764405
2021-09-10,560170974
2021-09-11,555803919
2021-09-12,555653537
2021-09-13,561117589
2021-09-14,552109158
2021-09-15,562135941
2021-09-16,554927449
2021-09-17,546291392
2021-09-18,553983051
2021-09-19,559314184
2021-09-20,558582472
2021-09-21,556524355
2021-09-22,561787711
2021-09-23,560483537
2021-09-24,559942191
2021-09-25,562987334
2021-09-26,556759706
2021-09-27,557183236
2021-09-28,553590615
2021-09-29,552945275
2021-09-30,554365898
2021-10-01,558040889
2021-10-02,556010936
2021-10-03,558613955
2021-10-04,564351078
2021-10-05,555752521
2021-10-06,553790467
2021-10-07,548839418
2021-10-08,559684510
2021-10-09,559566158
2021-10-10,560513037
2021-10-11,555333958
2021-10-12,566623071
2021-10-13,554449982
2021-10-14,562214381
2021-10-15,555735120
2021-10-16,558205956
2021-10-17,556636239
2021-10-18,567939140
2021-10-19,559658420
2021-10-20,561428207
2021-10-21,565028262
2021-10-22,558365036
2021-10-23,559906217
2021-10-24,557696237
2021-10-25,565002578
2021-10-26,561468028
2021-10-27,559837750
2021-10-28,564829765
2021-10-29,560058855
2021-10-30,559474579
2021-10-31,566901073
2021-11-01,557863841
2021-11-02,565344367
2021-11-03,565973992
2021-11-04,565464293
2021-11-05,562037207
2021-11-06,560367499
2021-11-07,557767008
2021-11-08,564440423
2021-11-09,570944071
2021-11-10,567069283
2021-11-11,568609579
2021-11-12,566403968
2021-11-13,561566640
2021-11-14,560502995
2021-11-15,570081344
2021-11-16,567545432
2021-11-17,558759028
2021-11-18,558695360
2021-11-19,558834360
2021-11-20,559416704
2021-11-21,560810996
2021-11-22,565420744
2021-11-23,566531912
2021-11-24,569828264
2021-11-25,562046922
2021-11-26,563047075
2021-11-27,563817351
2021-11-28,565005557
2021-11-29,559766017
2021-11-30,571494606
2021-12-01,559965566
2021-12-02,567696084
2021-12-03,563413901
2021-12-04,563158091
2021-12-05,572038402
2021-12-06,572402959
2021-12-07,570338984
2021-12-08,562855154
2021-12-09,567449312
2021-12-10,566983917
2021-12-11,568070090
2021-12-12,566555417
2021-12-13,554114979
2021-12-14,571065796
2021-12-15,562340877
2021-12-16,564315254
2021-12-17,569595632
2021-12-18,569859369
2021-12-19,563584325
2021-12-20,575279814
2021-12-21,558747744
2021-12-22,567881481
2021-12-23,562770699
2021-12-24,565082689
2021-12-25,563056391
2021-12-26,568459409
2021-12-27,564995262
2021-12-28,573239957
2021-12-29,567120653
2021-12-30,571726430
2021-12-31,575822364
2022-01-01,581445321
2022-01-02,575360020
2022-01-03,572206767
2022-01-04,568846510
2022-01-05,563761737
2022-01-06,556257838
2022-01-07,570702744
2022-01-08,578650369
2022-01-09,566299264
2022-01-10,570965109
2022-01-11,571169534
2022-01-12,568706072
2022-01-13,568488345
2022-01-14,563253567
2022-01-15,566017864
2022-01-16,570177800
2022-01-17,567732471
2022-01-18,573715586
2022-01-19,564894572
2022-01-20,570354545
2022-01-21,578854311
2022-01-22,573513527
2022-01-23,568092195
2022-01-24,567583799
2022-01-25,574107514
2022-01-26,579454822
2022-01-27,562006249
2022-01-28,572754654
2022-01-29,576392326
2022-01-30,571213992
2022-01-31,569054340
2022-02-01,562675537
2022-02-02,572990869
2022-02-03,579470164
2022-02-04,574196400
2022-02-05,566569394
2022-02-06,574445793
2022-02-07,568148703
2022-02-08,578582502
2022-02-09,576476004
2022-02-10,575264333
2022-02-11,569832792
2022-02-12,573726976
2022-02-13,567379271
2022-02-14,578004210
2022-02-15,570792844
2022-02-16,576390212
2022-02-17,577187274
2022-02-18,564194273
2022-02-19,582490477
2022-02-20,577821409
2022-02-21,571545778
2022-02-22,580089480
2022-02-23,573785134
2022-02-24,577953487
2022-02-25,573165191
2022-02-26,560624380
2022-02-27,565366150
2022-02-28,576537850
2022-03-01,582186804
2022-03-02,581309857
2022-03-03,569273654
2022-03-04,579623839
2022-03-05,572438466
2022-03-06,577188182
2022-03-07,592316018
2022-03-08,570098448
2022-03-09,573906525
2022-03-10,576048434
2022-03-11,575277523
2022-03-12,570393665
2022-03-13,575156780
2022-03-14,579582006
2022-03-15,576059258
2022-03-16,579048488
2022-03-17,584394790
2022-03-18,573107186
2022-03-19,581577271
2022-03-20,574177736
2022-03-21,581106929
2022-03-22,576588756
2022-03-23,566080845
2022-03-24,576057279
2022-03-25,578806304
2022-03-26,576931282
2022-03-27,584077955
2022-03-28,577164005
2022-03-29,578603448
2022-03-30,575608347
2022-03-31,585842861
2022-04-01,578156159
2022-04-02,581256915
2022-04-03,580211056
2022-04-04,577122819
2022-04-05,586055862
2022-04-06,585534174
2022-04-07,577253168
2022-04-08,575866367
2022-04-09,573198720
2022-04-10,573392578
2022-04-11,582348215
2022-04-12,578536598
2022-04-13,577587227
2022-04-14,579081993
2022-04-15,577938296
2022-04-16,581393324
2022-04-17,574505755
2022-04-18,578025679
2022-04-19,580560597
2022-04-20,580259062
2022-04-21,582122522
2022-04-22,578436733
2022-04-23,586565196
2022-04-24,581012172
2022-04-25,587063465
2022-04-26,579300508
2022-04-27,579576269
2022-04-28,584044596
2022-04-29,578542926
2022-04-30,576546619
2022-05-01,572793964
2022-05-02,584388266
2022-05-03,580049382
2022-05-04,586007678
2022-05-05,579973231
2022-05-06,577839412
2022-05-07,583281254
2022-05-08,576771868
2022-05-09,581909212
2022-05-10,581077290
2022-05-11,582094937
2022-05-12,580742551
2022-05-13,591038752
2022-05-14,579419297
2022-05-15,584393841
2022-05-16,577712109
2022-05-17,582343137
2022-05-18,583608007
2022-05-19,591002229
2022-05-20,589985233
2022-05-21,586441631
2022-05-22,586513813
2022-05-23,583530945
2022-05-24,586316708
2022-05-25,584387690
2022-05-26,587793917
2022-05-27,589648383
2022-05-28,581351009
2022-05-29,580226374
2022-05-30,580464806
2022-05-31,587027400
2022-06-01,590896067
2022-06-02,593593068
2022-06-03,579817073
2022-06-04,596053512
2022-06-05,585687575
2022-06-06,583783361
2022-06-07,582222984
2022-06-08,581297476
2022-06-09,589014139
2022-06-10,593408742
2022-06-11,577343926
2022-06-12,584036290
2022-06-13,582726534
2022-06-14,588407989
2022-06-15,585595352
2022-06-16,583904314
2022-06-17,583957311
2022-06-18,592607339
2022-06-19,592348504
2022-06-20,583275466
2022-06-21,575672585
2022-06-22,587466961
2022-06-23,598029108
2022-06-24,581580965
2022-06-25,589867080
2022-06-26,587148791
2022-06-27,581947819
2022-06-28,586441697
2022-06-29,572958761
2022-06-30,577644541
2022-07-01,589292193
2022-07-02,582510484
2022-07-03,586989030
2022-07-04,593032565
2022-07-05,590408600
2022-07-06,588329050
2022-07-07,580380964
2022-07-08,592943097
2022-07-09,582914022
2022-07-10,581483584
2022-07-11,580199568
2022-07-12,587656291
2022-07-13,586373749
2022-07-14,595150580
2022-07-15,588272406
2022-07-16,580086375
2022-07-17,591591754
2022-07-18,589682778
2022-07-19,582724105
2022-07-20,583779762
2022-07-21,580912368
2022-07-22,594450565
2022-07-23,584881207
2022-07-24,587717876
2022-07-25,590516601
2022-07-26,590342632
2022-07-27,604535753
2022-07-28,584101795
2022-07-29,593200815
2022-07-30,597041247
2022-07-31,594791525
2022-08-01,586946044
2022-08-02,584525236
2022-08-03,597965535
2022-08-04,591586915
2022-08-05,587762859
2022-08-06,591841115
2022-08-07,593212044
2022-08-08,594205532
2022-08-09,599909736
2022-08-10,590395112
2022-08-11,592822448
2022-08-12,594379011
2022-08-13,599672939
2022-08-14,584064025
2022-08-15,586257469
2022-08-16,602384282
2022-08-17,586505953
2022-08-18,588311531
2022-08-19,591890760
2022-08-20,592671104
2022-08-21,596502362
2022-08-22,592022921
2022-08-23,603982980
2022-08-24,594252148
2022-08-25,592850630
2022-08-26,585382944
2022-08-27,595299914
2022-08-28,588794546
2022-08-29,595314255
2022-08-30,588683566
2022-08-31,597503450
2022-09-01,607930929
2022-09-02,594415815
2022-09-03,595890334
2022-09-04,598903116
2022-09-05,595364874
2022-09-06,599255231
2022-09-07,592754767
2022-09-08,594407423
2022-09-09,603162355
2022-09-10,597540464
2022-09-11,595702967
2022-09-12,594569658
2022-09-13,591898075
2022-09-14,584529304
2022-09-15,597668027
2022-09-16,602304104
2022-09-17,595777446
2022-09-18,594096141
2022-09-19,593395398
2022-09-20,606975201
2022-09-21,603067890
2022-09-22,592574546
2022-09-23,598006109
2022-09-24,593800156
2022-09-25,601244757
2022-09-26,595558256
2022-09-27,592645973
2022-09-28,606170518
2022-09-29,597369668
2022-09-30,602734764
2022-10-01,594676323
2022-10-02,603297483
2022-10-03,590099792
2022-10-04,599942033
2022-10-05,598976017
2022-10-06,600956159
2022-10-07,593732723
2022-10-08,595918006
2022-10-09,601109218
2022-10-10,588518178
2022-10-11,610824603
2022-10-12,598227084
2022-10-13,596912692
2022-10-14,597838686
2022-10-15,604283334
2022-10-16,608722848
2022-10-17,593407087
2022-10-18,594796889
2022-10-19,603331298
2022-10-20,598859012
2022-10-21,594143033
2022-10-22,594662461
2022-10-23,601917770
2022-10-24,594533016
2022-10-25,608910436
2022-10-26,597540813
2022-10-27,599953366
2022-10-28,600645340
2022-10-29,598814180
2022-10-30,599794087
2022-10-31,609606006
2022-11-01,604964287
2022-11-02,605577960
2022-11-03,603671293
2022-11-04,599201866
2022-11-05,605450664
2022-11-06,608735590
2022-11-07,603613111
2022-11-08,603954074
2022-11-09,602149489
2022-11-10,607816514
2022-11-11,598054818
2022-11-12,606898026
2022-11-13,598673176
2022-11-14,595265806
2022-11-15,605385034
2022-11-16,606270226
2022-11-17,603729964
2022-11-18,598753319
2022-11-19,605019318
2022-11-20,609741040
2022-11-21,598973396
2022-11-22,603162202
2022-11-23,598952257
2022-11-24,603611226
2022-11-25,613193748
2022-11-26,599834602
2022-11-27,603141273
2022-11-28,598654753
2022-11-29,607576359
2022-11-30,607372639
2022-12-01,606440465
2022-12-02,601869370
2022-12-03,597577132
2022-12-04,607566543
2022-12-05,607141116
2022-12-06,614876398
2022-12-07,613149056
2022-12-08,595374056
2022-12-09,608468454
2022-12-10,603209475
2022-12-11,608057391
2022-12-12,608324453
2022-12-13,604798244
2022-12-14,607592417
2022-12-15,609013105
2022-12-16,613161344
2022-12-17,606769008
2022-12-18,605267119
2022-12-19,611268427
2022-12-20,601490483
2022-12-21,606491504
2022-12-22,612513140
2022-12-23,611965330
2022-12-24,604195638
2022-12-25,609887498
2022-12-26,601499858
2022-12-27,611941690
2022-12-28,615584637
2022-12-29,611245354
2022-12-30,618617924
2022-12-31,623675162
2023-01-01,609695313
2023-01-02,606069237
2023-01-03,612685541
2023-01-04,595514653
2023-01-05,606335481
2023-01-06,609743916
2023-01-07,607883209
2023-01-08,612964272
2023-01-09,607438138
2023-01-10,602898517
2023-01-11,612014029
2023-01-12,612031320
2023-01-13,600868630
2023-01-14,611650603
2023-01-15,598688776
2023-01-16,607300375
2023-01-17,605054444
2023-01-18,600048938
2023-01-19,615702419
2023-01-20,609406961
2023-01-21,609334343
2023-01-22,611562879
2023-01-23,613484022
2023-01-24,605580278
2023-01-25,603996681
2023-01-26,608135786
2023-01-27,618450394
2023-01-28,609873664
2023-01-29,608528067
2023-01-30,610766580
2023-01-31,606623736
2023-02-01,619775015
2023-02-02,606452473
2023-02-03,615419347
2023-02-04,610495227
2023-02-05,611837011
2023-02-06,609750144
2023-02-07,619445812
2023-02-08,616313346
2023-02-09,615527810
2023-02-10,609737690
2023-02-11,608920802
2023-02-12,608376193
2023-02-13,608288703
2023-02-14,604226342
2023-02-15,615665747
2023-02-16,621629532
2023-02-17,612986384
2023-02-18,619383938
2023-02-19,612821513
2023-02-20,616579192
2023-02-21,604411403
2023-02-22,605715791
2023-02-23,621424183
2023-02-24,606258484
2023-02-25,620410360
2023-02-26,617814668
2023-02-27,611402087
2023-02-28,626999362
2023-03-01,609239454
2023-03-02,619940154
2023-03-03,619560302
2023-03-04,615208743
2023-03-05,607516261
2023-03-06,622317147
2023-03-07,610819614
2023-03-08,604190353
2023-03-09,610988350
2023-03-10,619221511
2023-03-11,619372010
2023-03-12,613999785
2023-03-13,619458584
2023-03-14,615943437
2023-03-15,617359287
2023-03-16,618776127
2023-03-17,616123009
2023-03-18,613295404
2023-03-19,616732157
2023-03-20,614802081
2023-03-21,624463626
2023-03-22,616162625
2023-03-23,616767880
2023-03-24,618944109
2023-03-25,609963753
2023-03-26,619970644
2023-03-27,612991856
2023-03-28,610050544
2023-03-29,598680504
2023-03-30,613711349
2023-03-31,615659266
2023-04-01,624086165
2023-04-02,612928726
2023-04-03,618595427
2023-04-04,622626831
2023-04-05,627294927
2023-04-06,619889537
2023-04-07,609474940
2023-04-08,620622300
2023-04-09,623340921
2023-04-10,617554678
2023-04-11,629137013
2023-04-12,615200179
2023-04-13,611791989
2023-04-14,623812756
2023-04-15,615567664
2023-04-16,621163742
2023-04-17,622974120
2023-04-18,612659917
2023-04-19,627294353
2023-04-20,616842263
2023-04-21,624085133
2023-04-22,616769917
2023-04-23,621769959
2023-04-24,619082498
2023-04-25,618726185
2023-04-26,618796532
2023-04-27,628391450
2023-04-28,621054442
2023-04-29,614148017
2023-04-30,626342048
2023-05-01,623267310
2023-05-02,618807859
2023-05-03,623841695
2023-05-04,612415971
2023-05-05,626878191
2023-05-06,623742100
2023-05-07,614123733
2023-05-08,614447666
2023-05-09,625589734
2023-05-10,620375912
2023-05-11,624137641
2023-05-12,623670982
2023-05-13,627735842
2023-05-14,624837572
2023-05-15,634712914
2023-05-16,625338010
2023-05-17,625494373
2023-05-18,611274168
2023-05-19,618101085
2023-05-20,619683068
2023-05-21,612305357
2023-05-22,615325956
2023-05-23,627741595
2023-05-24,629083920
2023-05-25,632034706
2023-05-26,626925811
2023-05-27,629631403
2023-05-28,621318110
2023-05-29,621050299
2023-05-30,620906375
2023-05-31,624711614
2023-06-01,625197007
2023-06-02,621051233
2023-06-03,618379770
2023-06-04,624028713
2023-06-05,622082834
2023-06-06,629476998
2023-06-07,627374659
2023-06-08,615948569
2023-06-09,626871559
2023-06-10,621569477
2023-06-11,640695382
2023-06-12,629018610
2023-06-13,624510609
2023-06-14,631731322
2023-06-15,627814761
2023-06-16,622831016
2023-06-17,629760401
2023-06-18,617022123
2023-06-19,621165126
2023-06-20,619140686
2023-06-21,621393825
2023-06-22,623394864
2023-06-23,629398088
2023-06-24,633823250
2023-06-25,622714076
2023-06-26,622287109
2023-06-27,635949906
2023-06-28,627908169
2023-06-29,624242512
2023-06-30,622327770
2023-07-01,614565178
2023-07-02,626523053
2023-07-03,637604531
2023-07-04,629163920
2023-07-05,622755185
2023-07-06,625632118
2023-07-07,635405786
2023-07-08,627875144
2023-07-09,635649649
2023-07-10,629862778
2023-07-11,624257318
2023-07-12,635266658
2023-07-13,640286588
2023-07-14,628501040
2023-07-15,631167883
2023-07-16,628002141
2023-07-17,634020581
2023-07-18,620071205
2023-07-19,633113473
2023-07-20,630934659
2023-07-21,629874150
2023-07-22,626722478
2023-07-23,627837470
2023-07-24,621175952
2023-07-25,634274356
2023-07-26,632047977
2023-07-27,637285217
2023-07-28,628301864
2023-07-29,637981226
2023-07-30,631891104
2023-07-31,624316093
2023-08-01,627239336
2023-08-02,636923108
2023-08-03,628727298
2023-08-04,625243960
2023-08-05,626247544
2023-08-06,631740408
2023-08-07,629155363
2023-08-08,622175700
2023-08-09,626220249
2023-08-10,635318854
2023-08-11,623201251
2023-08-12,643528941
2023-08-13,631881070
2023-08-14,626500711
2023-08-15,640599121
2023-08-16,632859476
2023-08-17,636438819
2023-08-18,633930051
2023-08-19,634030401
2023-08-20,621621522
2023-08-21,636621312
2023-08-22,640183134
2023-08-23,633404723
2023-08-24,638056771
2023-08-25,625275704
2023-08-26,637311280
2023-08-27,626365233
2023-08-28,634871476
2023-08-29,631344540
2023-08-30,633743743
2023-08-31,628721326
2023-09-01,643758190
2023-09-02,635701681
2023-09-03,630197605
2023-09-04,634473248
2023-09-05,634587102
2023-09-06,629648240
2023-09-07,635556062
2023-09-08,642917540
2023-09-09,630045004
2023-09-10,632966938
2023-09-11,634875106
2023-09-12,635947119
2023-09-13,631495400
2023-09-14,635121663
2023-09-15,645711970
2023-09-16,643777205
2023-09-17,638225800
2023-09-18,639693180
2023-09-19,635457698
2023-09-20,636904384
2023-09-21,637237437
2023-09-22,639047753
2023-09-23,631517525
2023-09-24,627151253
2023-09-25,633708238
2023-09-26,640501766
2023-09-27,641904936
2023-09-28,640218195
2023-09-29,636078665
2023-09-30,641564784
2023-10-01,637319262
2023-10-02,641622317
2023-10-03,645822801
2023-10-04,643640884
2023-10-05,643927594
2023-10-06,630542216
2023-10-07,632489137
2023-10-08,633922346
2023-10-09,638820461
2023-10-10,644909544
2023-10-11,641820067
2023-10-12,641050813
2023-10-13,632971369
2023-10-14,633565655
2023-10-15,646822490
2023-10-16,642943226
2023-10-17,643749022
2023-10-18,640468590
2023-10-19,631727320
2023-10-20,642500695
2023-10-21,636956251
2023-10-22,642191038
2023-10-23,633160261
2023-10-24,637317072
2023-10-25,631629056
2023-10-26,638941705
2023-10-27,646437973
2023-10-28,639139517
2023-10-29,641385014
2023-10-30,639724682
2023-10-31,639422602
2023-11-01,641974814
2023-11-02,645262937
2023-11-03,639143354
2023-11-04,637800097
2023-11-05,640712654
2023-11-06,635573620
2023-11-07,639885862
2023-11-08,640843289
2023-11-09,647000000
2023-11-10,634778032
2023-11-11,646355970
2023-11-12,635676471
2023-11-13,643491971
2023-11-14,647000000
2023-11-15,638741425
2023-11-16,636158141
2023-11-17,642299249
2023-11-18,633741781
2023-11-19,647000000
2023-11-20,647000000
2023-11-21,647000000
2023-11-22,635685722
2023-11-23,640905313
2023-11-24,641678583
2023-11-25,644851733
2023-11-26,643856027
2023-11-27,643588648
2023-11-28,641469109
2023-11-29,641105619
2023-11-30,647000000
2023-12-01,647000000
2023-12-02,641392978
2023-12-03,646862374
2023-12-04,647000000
2023-12-05,639877374
2023-12-06,639160230
2023-12-07,637324468
2023-12-08,642370380
2023-12-09,645220884
2023-12-10,641529297
2023-12-11,647000000
2023-12-12,644190207
2023-12-13,647000000
2023-12-14,647000000
2023-12-15,637904076
2023-12-16,637092756
2023-12-17,643587747
2023-12-18,647000000
2023-12-19,645455804
2023-12-20,647000000
2023-12-21,642587707
2023-12-22,643033538
2023-12-23,643826363
2023-12-24,647000000
2023-12-25,647000000
2023-12-26,642444118
2023-12-27,645995805
2023-12-28,647000000
2023-12-29,639362919
2023-12-30,647000000
2023-12-31,647000000
